Rank,Title,Developer,Version,Price (USD),Rating,Votes,Content Rating,Category,Min Installs,Max Installs,Updated,Rank Change (Day),Rank Change (Week),URL
1,Candy Crush Saga,King.com,Varies with device,$0.00 ,4.42,140165,Everyone,Casual,10000000,50000000,1/31/13,0,0,https://play.google.com/store/apps/details?id=com.king.candycrushsaga
4,Blood Brothers (RPG),mobage,1.7.0.11.4,$0.00 ,4.59,118514,Medium Maturity,Arcade & Action,5000000,10000000,1/25/13,2,1,https://play.google.com/store/apps/details?id=com.mobage.ww.a759.Blood_Brothers_Android
3,Dark Summoner,Ateam Inc.,1.02.10,$0.00 ,4.44,28723,Medium Maturity,Arcade & Action,1000000,5000000,1/25/13,-2,-3,https://play.google.com/store/apps/details?id=com.darksummoner
2,Rage of Bahamut,mobage,1.8.0.3,$0.00 ,3.8,38184,Medium Maturity,Arcade & Action,5000000,10000000,1/29/13,-2,0,https://play.google.com/store/apps/details?id=com.mobage.ww.a692.Bahamut_Android
5,MARVEL War of Heroes,mobage,1.2.1,$0.00 ,3.93,7143,Low Maturity,Arcade & Action,1000000,5000000,1/29/13,2,1,https://play.google.com/store/apps/details?id=com.mobage.ww.a956.MARVEL_Card_Battle_Heroes_Android
6,TurboTax SnapTax,Intuit Inc,3.3,$0.00 ,4.68,14328,Low Maturity,Finance,500000,1000000,1/30/13,-1,-10,https://play.google.com/store/apps/details?id=com.intuit.instantreturn
7,Slotomania - slot machines,Playtika,1.18.0,$0.00 ,4.39,263180,Medium Maturity,Cards & Casino,5000000,10000000,1/28/13,1,2,https://play.google.com/store/apps/details?id=air.com.playtika.slotomania
8,The Hobbit: Kingdoms,Kabam,Varies with device,$0.00 ,4.08,13461,Medium Maturity,Arcade & Action,1000000,5000000,1/17/13,-1,1,https://play.google.com/store/apps/details?id=com.kabam.fortress
9,Slot City - slot machines,Dragonplay,1.24,$0.00 ,4.58,228560,Medium Maturity,Cards & Casino,5000000,10000000,1/27/13,1,1,https://play.google.com/store/apps/details?id=com.dragonplay.slotcity
12,Shipwrecked,"Kiwi, Inc.",1.1.6,$0.00 ,4.29,60503,Everyone,Casual,1000000,5000000,1/31/13,2,3,https://play.google.com/store/apps/details?id=com.kiwi.shipwrecked
10,DoubleDown Casino - Slots,"Double Down Interactive, LLC.",1.4.4,$0.00 ,4.16,17928,Medium Maturity,Cards & Casino,1000000,5000000,1/7/13,-1,-5,https://play.google.com/store/apps/details?id=com.ddi
11,Zynga Poker,Zynga,Varies with device,$0.00 ,4.47,260500,Medium Maturity,Cards & Casino,10000000,50000000,1/28/13,-1,-1,https://play.google.com/store/apps/details?id=com.zynga.livepoker
14,Kingdoms of Camelot: Battle,Kabam,Varies with device,$0.00 ,4.22,9285,Medium Maturity,Arcade & Action,1000000,5000000,1/10/13,0,1,https://play.google.com/store/apps/details?id=com.kabam.kocmobile
15,Minecraft - Pocket Edition,Mojang,Varies with device,$6.99 ,4.54,69158,Medium Maturity,Arcade & Action,1000000,5000000,1/30/13,-1,4,https://play.google.com/store/apps/details?id=com.mojang.minecraftpe
13,Live Hold'em Poker Pro,Dragonplay,5.4,$0.00 ,4.69,785395,Medium Maturity,Cards & Casino,10000000,50000000,1/21/13,-2,3,https://play.google.com/store/apps/details?id=com.dragonplay.liveholdempro
16,Temple Run 2,Imangi Studios,1.0.1,$0.00 ,4.54,127970,Low Maturity,Arcade & Action,10000000,50000000,1/24/13,-6,-185,https://play.google.com/store/apps/details?id=com.imangi.templerun2
17,BINGO Blitz by Buffalo Studios,"Buffalo Studios, LLC",2,$0.00 ,4.25,8336,Everyone,Cards & Casino,1000000,5000000,1/24/13,0,-5,https://play.google.com/store/apps/details?id=air.com.buffalo_studios.newflashbingo
19,Legend of the Cryptids,Applibot Inc.,4.3,$0.00 ,4.2,10095,Low Maturity,Cards & Casino,500000,1000000,1/17/13,-1,1,https://play.google.com/store/apps/details?id=jp.co.applibot.legend.android
18,Age of Empire,Silent Ocean,1.9.35,$0.00 ,4.23,26663,Medium Maturity,Arcade & Action,5000000,10000000,1/31/13,-3,-1,https://play.google.com/store/apps/details?id=com.stac.empire.main
21,Fantasica,mobage,1.9.0.2.4,$0.00 ,4.41,22832,Low Maturity,Casual,1000000,5000000,1/24/13,8,1,https://play.google.com/store/apps/details?id=com.mobage.ww.a793.fanta_test_Android
20,Bingo Bash,BitRhymes Inc,1.8.0,$0.00 ,4.3,39137,Low Maturity,Cards & Casino,1000000,5000000,1/7/13,1,3,https://play.google.com/store/apps/details?id=air.com.bitrhymes.bingo
22,Crime City,"GREE, INC",3.1.3,$0.00 ,4.43,79268,Medium Maturity,Arcade & Action,5000000,10000000,1/28/13,4,-4,https://play.google.com/store/apps/details?id=com.funzio.crimecity
23,Ruzzle,MAG Interactive,1.5.31,$1.99 ,3.9,6307,Everyone,Casual,100000,500000,1/29/13,0,0,https://play.google.com/store/apps/details?id=se.maginteractive.rumble
24,Subway Surfers,Kiloo Games,1.7.3,$0.00 ,4.64,291617,Low Maturity,Arcade & Action,10000000,50000000,1/31/13,-1,-1,https://play.google.com/store/apps/details?id=com.kiloo.subwaysurf
25,DragonVale,"Backflip Studios, Inc.",1.12.2,$0.00 ,4.44,18177,Everyone,Casual,1000000,5000000,1/4/13,1,4,https://play.google.com/store/apps/details?id=com.backflipstudios.android.dragonvale
26,Jackpot Slots - Slot Machines,"GREE, INC",1.1.19,$0.00 ,4.46,6454,Medium Maturity,Cards & Casino,500000,1000000,1/30/13,-1,-14,https://play.google.com/store/apps/details?id=jp.gree.jackpot
27,FoxFi Full Version Key,FoxFi Service,1.02,$6.97 ,3.7,1896,Everyone,Communication,100000,500000,11/19/12,1,-1,https://play.google.com/store/apps/details?id=com.foxfi.key
28,Modern War,"GREE, INC",3.2.2,$0.00 ,4.32,37742,Medium Maturity,Arcade & Action,1000000,5000000,1/30/13,0,14,https://play.google.com/store/apps/details?id=jp.gree.modernwar
31,Megapolis,Social Quantum Ltd,1.3,$0.00 ,4.05,22556,Everyone,Arcade & Action,1000000,5000000,1/29/13,2,2,https://play.google.com/store/apps/details?id=com.socialquantum.acityint
30,Plague Inc.,Miniclip.com,1.1.3,$0.00 ,4.62,138051,Low Maturity,Brain & Puzzle,1000000,5000000,1/11/13,0,-1,https://play.google.com/store/apps/details?id=com.miniclip.plagueinc
29,GSN Casino,GSN.com,2.5.1.136,$0.00 ,4.42,35870,Medium Maturity,Cards & Casino,1000000,5000000,1/28/13,-2,-1,https://play.google.com/store/apps/details?id=com.gsn.android.casino
32,Tiny Monsters,TinyCo,2.0.2,$0.00 ,4.31,55758,Everyone,Casual,1000000,5000000,12/29/12,0,-11,https://play.google.com/store/apps/details?id=com.tinyco.monsters
34,Bike Race Free - Top Free Game,Top Free Games.,2.1.18,$0.00 ,4.57,185048,Low Maturity,Arcade & Action,10000000,50000000,1/31/13,1,2,https://play.google.com/store/apps/details?id=com.topfreegames.bikeracefreeworld
36,Family FeudÂ® & Friends,Ludia Inc.,1.1.8,$0.00 ,4.3,99284,Medium Maturity,Casual,1000000,5000000,1/31/13,1,2,https://play.google.com/store/apps/details?id=com.ludia.familyfeudandfriends.free
38,Comics,comiXology,3.0.7.9,$0.00 ,4.13,10299,Medium Maturity,Comics,1000000,5000000,1/8/13,4,1,https://play.google.com/store/apps/details?id=com.iconology.comics
37,Drag Racing,Creative Mobile,1.5.4,$0.00 ,4.53,575956,Everyone,Racing,50000000,100000000,1/18/13,0,-1,https://play.google.com/store/apps/details?id=com.creativemobile.DragRacing
33,Billing plugin for LE,Camel Games,1.0.7,$0.00 ,3.73,3152,Low Maturity,Casual,500000,1000000,9/20/12,-10,-15,https://play.google.com/store/apps/details?id=com.camelgames.googlecheckout
35,Ninja Action RPG: Ninja Royale,mobage,1.9.0.4.6,$0.00 ,4.7,75584,Low Maturity,Arcade & Action,1000000,5000000,1/24/13,-6,-10,https://play.google.com/store/apps/details?id=com.mobage.ww.a467.TapSlashNinja_Sandbox
41,Texas Poker,KamaGames,4.1.2,$0.00 ,4.19,51820,Medium Maturity,Cards & Casino,10000000,50000000,1/28/13,1,-1,https://play.google.com/store/apps/details?id=com.kamagames.pokerist
44,Tiny Village,TinyCo,1.16.1,$0.00 ,4.4,251137,Everyone,Casual,5000000,10000000,11/14/12,8,-20,https://play.google.com/store/apps/details?id=com.tinyco.village
40,The Simsâ„¢ FreePlay,Electronic Arts Inc,1.8.6,$0.00 ,4.5,144716,Low Maturity,Casual,1000000,5000000,1/29/13,1,4,https://play.google.com/store/apps/details?id=com.ea.games.simsfreeplay_na
47,Deity Wars,mobage,2.3,$0.00 ,4.09,8839,Low Maturity,Arcade & Action,1000000,5000000,1/30/13,5,6,https://play.google.com/store/apps/details?id=com.mobage.ww.a804.RAGNABREAK_Android
45,SwiftKey 3 Keyboard,SwiftKey,3.1.0.377,$3.99 ,4.56,96305,Everyone,Productivity,1000000,5000000,1/29/13,0,-2,https://play.google.com/store/apps/details?id=com.touchtype.swiftkey
42,Arcane Empires,Kabam,Varies with device,$0.00 ,4.36,13658,Medium Maturity,Arcade & Action,500000,1000000,11/22/12,4,7,https://play.google.com/store/apps/details?id=com.kabam.arcaneempires
39,Ayakashi: Ghost Guild,Zynga,1.9.0,$0.00 ,4.58,27628,Everyone,Casual,1000000,5000000,1/18/13,-11,-52,https://play.google.com/store/apps/details?id=com.zynga.zjayakashi
61,The Tribez,Game Insight International,Varies with device,$0.00 ,4.6,140738,Low Maturity,Arcade & Action,1000000,5000000,12/18/12,15,9,https://play.google.com/store/apps/details?id=com.gameinsight.tribez
49,Hill Climb Racing,Fingersoft,1.5.2,$0.00 ,4.67,354642,Low Maturity,Racing,10000000,50000000,1/8/13,1,5,https://play.google.com/store/apps/details?id=com.fingersoft.hillclimb
46,Restaurant Story: Valentineâ€™s,TeamLava Games,1.5.5.4,$0.00 ,4.52,8198,Everyone,Casual,1000000,5000000,1/29/13,-5,-51,https://play.google.com/store/apps/details?id=com.teamlava.restaurantstory5
43,HellFire,mobage,1.2.1,$0.00 ,4.68,14066,Medium Maturity,Arcade & Action,1000000,5000000,12/19/12,-6,19,https://play.google.com/store/apps/details?id=com.mobage.ww.a953.Fuzion_Android
48,Best Casino Slots,diwip ltd,1.0.24,$0.00 ,4.69,53114,Medium Maturity,Cards & Casino,1000000,5000000,1/15/13,1,2,https://play.google.com/store/apps/details?id=com.diwip.vslots
52,FINAL FANTASY DIMENSIONS,"SQUARE ENIX Co.,Ltd.",1.0.2,$19.99 ,4.48,590,Low Maturity,Arcade & Action,10000,50000,1/23/13,8,19,https://play.google.com/store/apps/details?id=com.square_enix.android_googleplay.ffl_gp
54,Big Fish Casino,Big Fish Games,4.4.0,$0.00 ,4.01,6922,Medium Maturity,Cards & Casino,1000000,5000000,1/11/13,2,5,https://play.google.com/store/apps/details?id=com.selfawaregames.acecasino
50,Texas HoldEm Poker Deluxe,IGG.COM,1.3.2,$0.00 ,4.65,78860,Medium Maturity,Cards & Casino,1000000,5000000,1/31/13,-4,-1,https://play.google.com/store/apps/details?id=com.igg.pokerdeluxe
53,Smurfs' Village,"Beeline Interactive, Inc.",SmurfsAndroid,$0.00 ,4.57,368058,Low Maturity,Casual,10000000,50000000,1/18/13,-2,14,https://play.google.com/store/apps/details?id=com.capcom.smurfsandroid
63,NHL GameCenterâ„¢,"NHL Interactive Cyberenterprises, L.P.",3.0116,$0.00 ,3.33,4742,Low Maturity,Sports,500000,1000000,1/16/13,10,36,https://play.google.com/store/apps/details?id=com.nhl.gc1112.free
55,Diamond Dash,Wooga,1.1,$0.00 ,4.63,88350,Everyone,Arcade & Action,5000000,10000000,1/17/13,-2,1,https://play.google.com/store/apps/details?id=com.wooga.diamonddash
62,Paradise Island,Game Insight International,2.1.4,$0.00 ,4.64,654664,Everyone,Arcade & Action,5000000,10000000,1/24/13,4,-12,https://play.google.com/store/apps/details?id=com.seventeenbullets.android.island
57,Kingdoms at War,"A Thinking Ape, Inc.",2.66,$0.00 ,4.63,13769,Everyone,Arcade & Action,500000,1000000,1/24/13,-3,2,https://play.google.com/store/apps/details?id=ata.squid.kaw
64,Noom Weight Loss Coach,Noom Inc.,3.2.13,$0.00 ,4.34,42909,Low Maturity,Health & Fitness,5000000,10000000,1/22/13,8,-25,https://play.google.com/store/apps/details?id=com.wsl.noom
60,Pet Shop Storyâ„¢,TeamLava Games,1.0.5.7,$0.00 ,4.41,41485,Everyone,Casual,1000000,5000000,9/21/12,1,2,https://play.google.com/store/apps/details?id=com.teamlava.petshop
58,Slot Galaxy HD Slot Machines,Galaxy Star Entertainment,1.0.63,$0.00 ,4.58,11941,Medium Maturity,Cards & Casino,500000,1000000,1/30/13,-4,1,https://play.google.com/store/apps/details?id=air.com.slotgalaxy
59,DH Texas Poker,DroidHen,1.2.8,$0.00 ,4.56,34183,Medium Maturity,Cards & Casino,1000000,5000000,12/29/12,-4,-9,https://play.google.com/store/apps/details?id=com.droidhen.game.poker
56,Nemo's Reef,Disney,1.2.3,$0.00 ,4.28,9132,Everyone,Casual,1000000,5000000,1/23/13,-12,-52,https://play.google.com/store/apps/details?id=com.disney.nemo
67,Need for Speedâ„¢ Most Wanted,Electronic Arts Inc,1.0.46,$4.99 ,3.72,4841,Everyone,Racing,100000,500000,1/29/13,6,17,https://play.google.com/store/apps/details?id=com.ea.games.nfs13_na
66,Scramble With Friends Free,Zynga,4.87,$0.00 ,4.6,363134,Everyone,Brain & Puzzle,5000000,10000000,1/29/13,1,6,https://play.google.com/store/apps/details?id=com.zynga.scramble
65,Campus Life,Pocket Gems,1.138,$0.00 ,4,6471,Everyone,Casual,500000,1000000,1/25/13,-1,6,https://play.google.com/store/apps/details?id=com.pocketgems.android.campuslife
69,Tap Paradise Cove,Pocket Gems,2.20.11,$0.00 ,4.17,7555,Everyone,Casual,1000000,5000000,1/31/13,5,8,https://play.google.com/store/apps/details?id=com.pocketgems.android.tapparadisecove
70,Bloons TD 5,ninja kiwi,1,$2.99 ,4.46,1388,Everyone,Arcade & Action,50000,100000,12/19/12,3,17,https://play.google.com/store/apps/details?id=com.ninjakiwi.bloonstd5
68,Fashion Storyâ„¢,TeamLava Games,1.5.5.2,$0.00 ,4.31,107287,Everyone,Casual,5000000,10000000,1/11/13,-1,-4,https://play.google.com/store/apps/details?id=com.teamlava.fashionstory
73,Fort Conquer,DroidHen,1.0.7,$0.00 ,4.51,14895,Low Maturity,Arcade & Action,1000000,5000000,1/30/13,2,-10,https://play.google.com/store/apps/details?id=com.droidhen.fortconquer
51,What's the Word? 4 Pics 1 Word,LOTUM GmbH,2.0.1,$0.00 ,4.85,118773,Everyone,Brain & Puzzle,500000,1000000,1/30/13,-38,,https://play.google.com/store/apps/details?id=de.lotum.whatsinthefoto.en
71,Slots Journey,Murka,4,$0.00 ,4.31,69292,Medium Maturity,Cards & Casino,1000000,5000000,12/28/12,-1,8,https://play.google.com/store/apps/details?id=com.fishsticksgames.SlotsJourney
72,Slot Machine Deluxe,Candy Mobile,1.15,$0.00 ,4.49,56164,Medium Maturity,Casual,5000000,10000000,1/23/13,2,-1,https://play.google.com/store/apps/details?id=com.play.slot
75,Flow Free,Big Duck Games LLC,2,$0.00 ,4.66,131205,Everyone,Brain & Puzzle,10000000,50000000,11/15/12,0,13,https://play.google.com/store/apps/details?id=com.bigduckgames.flow
78,Zombie Frontier,FT Games,1.09,$0.00 ,4.41,97929,High Maturity,Arcade & Action,10000000,50000000,1/30/13,2,2,https://play.google.com/store/apps/details?id=com.feelingtouch.gunzombie
83,Fun Run - Multiplayer Race,dirtyBit,1.2.3,$0.00 ,4.07,16110,Low Maturity,Arcade & Action,5000000,10000000,1/30/13,9,27,https://play.google.com/store/apps/details?id=no.dirtybit.funrun
76,The Oregon Trail: Settler,Gameloft,1.1.3,$0.00 ,4.58,162616,Low Maturity,Casual,5000000,10000000,12/7/12,-1,-54,https://play.google.com/store/apps/details?id=com.gameloft.android.ANMP.GloftTOHM
81,Scramble With Friends,Zynga,4.85,$0.99 ,4.56,26306,Everyone,Brain & Puzzle,100000,500000,1/29/13,3,10,https://play.google.com/store/apps/details?id=com.zynga.scramble.paid
84,Marvel Comics,Marvel Comics,3.0.7.9,$0.00 ,4.18,8074,Low Maturity,Comics,1000000,5000000,1/8/13,11,15,https://play.google.com/store/apps/details?id=com.marvel.comics
77,Slots by Zynga,Zynga,1.7.6,$0.00 ,3.94,49621,Medium Maturity,Cards & Casino,1000000,5000000,1/9/13,-2,2,https://play.google.com/store/apps/details?id=com.zynga.slots.free
79,Life is Crime,Red Robot Labs,1.7.3.1,$0.00 ,4.35,46163,Medium Maturity,Casual,1000000,5000000,1/25/13,-6,-79,https://play.google.com/store/apps/details?id=com.redrobotlabs.lifeiscrime
74,Brightwood Adventures FREE,"Kiwi, Inc.",1.9.4,$0.00 ,4.45,59272,Low Maturity,Casual,1000000,5000000,1/31/13,-8,7,https://play.google.com/store/apps/details?id=com.kiwi.wabeta
86,Coin Dozer,Game Circus LLC,Varies with device,$0.00 ,4.59,354069,Everyone,Cards & Casino,10000000,50000000,1/15/13,6,5,https://play.google.com/store/apps/details?id=com.leftover.CoinDozer
82,Dragon Story: New Dawn,TeamLava Games,1.0.5.4.2,$0.00 ,4.38,15604,Everyone,Casual,1000000,5000000,12/1/12,-2,16,https://play.google.com/store/apps/details?id=com.teamlava.dragon2
87,MeetMe - Meet New People,MeetMe.com,5.3.1,$0.00 ,4.23,227347,Medium Maturity,Social,5000000,10000000,1/22/13,6,9,https://play.google.com/store/apps/details?id=com.myyearbook.m
80,ZENONIAÂ® 5,GAMEVIL Inc.,1.0.6,$0.00 ,4.55,110203,Low Maturity,Arcade & Action,1000000,5000000,1/28/13,-6,0,https://play.google.com/store/apps/details?id=com.gamevil.zenonia5.global
88,Words With Friends Free,Zynga,5.8.0,$0.00 ,4.32,1244376,Everyone,Brain & Puzzle,10000000,50000000,1/30/13,5,11,https://play.google.com/store/apps/details?id=com.zynga.words
89,Party in my Dorm,"A Thinking Ape, Inc.",2.32,$0.00 ,4.36,8696,Medium Maturity,Casual,500000,1000000,1/20/13,2,3,https://play.google.com/store/apps/details?id=ata.squid.pimd
90,DocumentsToGo Full Version Key,"DataViz, Inc.",3.001,$14.95 ,4.24,16040,Everyone,Business,500000,1000000,10/21/10,2,8,https://play.google.com/store/apps/details?id=com.dataviz.docstogoapp
85,Cerberus Age - Addicting Game,"GREE, Inc.",1.1.10,$0.00 ,4,7292,Low Maturity,Arcade & Action,1000000,5000000,1/28/13,-10,-8,https://play.google.com/store/apps/details?id=jp.gree.android.pf.greeapp53190
93,World Series of Poker,Electronic Arts Inc,1.4.0,$0.00 ,4.04,6820,Medium Maturity,Cards & Casino,500000,1000000,1/18/13,3,1,https://play.google.com/store/apps/details?id=com.ea.game.wsop_na
96,Angry Birds,Rovio Mobile Ltd.,3.0.0,$0.00 ,4.6,1539297,Low Maturity,Arcade & Action,100000000,500000000,12/11/12,4,17,https://play.google.com/store/apps/details?id=com.rovio.angrybirds
94,textPlus Free Text + Calls,textPlus,5.7.4.4243,$0.00 ,4.2,85779,Medium Maturity,Social,5000000,10000000,1/25/13,3,-1,https://play.google.com/store/apps/details?id=com.gogii.textplus
99,Monster Warlord,GAMEVIL Inc.,1.0.8,$0.00 ,4.53,48796,Low Maturity,Arcade & Action,1000000,5000000,1/24/13,6,0,https://play.google.com/store/apps/details?id=com.gamevil.monster.global
92,Arcane Legends,Spacetime Studios,1.0.5.0,$0.00 ,4.62,41960,Low Maturity,Arcade & Action,1000000,5000000,1/16/13,-2,5,https://play.google.com/store/apps/details?id=sts.al
91,Gnome Village,Disney,1.3.1,$0.00 ,3.73,1835,Everyone,Casual,500000,1000000,1/28/13,-8,6,https://play.google.com/store/apps/details?id=air.com.disney.GnomeVillage.GooglePlay
97,Grand Theft Auto III,"Rockstar Games, Inc.",1.3,$4.99 ,3.46,31665,High Maturity,Arcade & Action,500000,1000000,1/26/13,1,13,https://play.google.com/store/apps/details?id=com.rockstar.gta3
100,Call of Duty Black Ops Zombies,Glu Mobile,Varies with device,$6.99 ,3.75,5354,High Maturity,Arcade & Action,100000,500000,12/11/12,3,12,https://play.google.com/store/apps/details?id=com.atv.blackops
95,Bakery Storyâ„¢,TeamLava Games,1.5.5.7,$0.00 ,4.43,173249,Everyone,Casual,10000000,50000000,1/11/13,-5,-1,https://play.google.com/store/apps/details?id=com.teamlava.bakerystory
103,Norton Security & Antivirus,Symantec Corporation,3.3.0.892,$0.00 ,4.42,83016,Low Maturity,Tools,5000000,10000000,1/24/13,5,-31,https://play.google.com/store/apps/details?id=com.symantec.mobilesecurity
102,NBA Game Time 2012-13,NBA Digital,3.3,$0.00 ,4.19,27155,Low Maturity,Sports,1000000,5000000,1/29/13,-7,-69,https://play.google.com/store/apps/details?id=com.nbadigital.gametimelite
101,Forces of War,Uken Games,1.25,$0.00 ,4.54,13227,Medium Maturity,Arcade & Action,1000000,5000000,12/5/12,0,-80,https://play.google.com/store/apps/details?id=com.uken.android.forcesofwar
104,Exchange by TouchDown Key,"NitroDesk, Inc.",7.0.001,$19.99 ,4.44,5420,Everyone,Business,100000,500000,3/15/12,1,2,https://play.google.com/store/apps/details?id=com.nitrodesk.touchdownpro
105,Crime Inc.,Uken Games,1.26,$0.00 ,4.45,8184,High Maturity,Arcade & Action,100000,500000,1/15/13,-1,-123,https://play.google.com/store/apps/details?id=com.uken.android.crimeinc
107,Grand Theft Auto: Vice City,"Rockstar Games, Inc.",1.03,$4.99 ,3.84,7971,High Maturity,Arcade & Action,100000,500000,12/18/12,3,6,https://play.google.com/store/apps/details?id=com.rockstargames.gtavc
98,PBAÂ® Bowling Challenge,"Concrete Software, Inc.",1.0.3,$0.00 ,4.57,6335,Everyone,Sports Games,500000,1000000,1/22/13,-25,-266,https://play.google.com/store/apps/details?id=com.concretesoftware.pbachallenge_androidmarket
117,Royal Revolt!,flaregames,1.3.2,$0.00 ,4.59,9624,Low Maturity,Arcade & Action,1000000,5000000,1/28/13,15,6,https://play.google.com/store/apps/details?id=com.flaregames.royalrevolt
110,Big Win Football,Hothead Games,2.0.4,$0.00 ,4.26,23482,Low Maturity,Sports Games,1000000,5000000,1/24/13,5,3,https://play.google.com/store/apps/details?id=com.hotheadgames.google.free.bigwinfootball
116,Treasure Quest,"GREE, Inc.",1.1.2,$0.00 ,3.98,3268,Low Maturity,Arcade & Action,500000,1000000,1/22/13,-5,1,https://play.google.com/store/apps/details?id=jp.gree.android.pf.greeapp53188
111,Bingo Blingo,SGN,1.6.70,$0.00 ,3.93,2012,Everyone,Cards & Casino,100000,500000,1/23/13,1,6,https://play.google.com/store/apps/details?id=air.com.sgn.bingo.google
112,Survivalcraft,Candy Rufus Games,1.19.4.0,$3.92 ,4.53,1743,Low Maturity,Arcade & Action,50000,100000,1/13/13,1,3,https://play.google.com/store/apps/details?id=com.candyrufusgames.survivalcraft
113,Defender II,DroidHen,1.2.9,$0.00 ,4.57,144589,Low Maturity,Arcade & Action,5000000,10000000,9/24/12,0,-3,https://play.google.com/store/apps/details?id=com.droidhen.defender2
109,DC Comics,comiXology,3.0.7.9,$0.00 ,4.18,3066,Low Maturity,Comics,1000000,5000000,1/8/13,1,-3,https://play.google.com/store/apps/details?id=com.dccomics.comics
114,OfficeSuite Pro 6 + (PDF & HD),MobiSystems,Varies with device,$14.99 ,4.29,14859,Everyone,Business,500000,1000000,1/21/13,7,11,https://play.google.com/store/apps/details?id=com.mobisystems.editor.office_registered
119,Dragon Storyâ„¢,TeamLava Games,1.0.5.4,$0.00 ,4.34,36526,Everyone,Casual,1000000,5000000,1/3/13,-3,2,https://play.google.com/store/apps/details?id=com.teamlava.dragon
123,FINAL FANTASY III,"SQUARE ENIX Co.,Ltd.",1.0.2,$15.99 ,4.6,7858,Low Maturity,Arcade & Action,100000,500000,7/4/12,11,33,https://play.google.com/store/apps/details?id=com.square_enix.android_googleplay.FFIII_GP
106,Tagged - Meet New People,"Tagged, Inc",Varies with device,$0.00 ,4.15,210314,High Maturity,Social,1000000,5000000,12/12/12,-10,-12,https://play.google.com/store/apps/details?id=com.taggedapp
115,Angry Birds Star Wars,Rovio Mobile Ltd.,1.1.2,$0.00 ,4.47,219835,Low Maturity,Arcade & Action,10000000,50000000,1/31/13,1,9,https://play.google.com/store/apps/details?id=com.rovio.angrybirdsstarwars.ads.iap
118,Fashion Story: Christmas,TeamLava Games,1.5.5.2,$0.00 ,4.41,9491,Everyone,Casual,1000000,5000000,1/11/13,-1,18,https://play.google.com/store/apps/details?id=com.teamlava.fashionstory8
122,Lookout Security & Antivirus,Lookout Mobile Security,Varies with device,$0.00 ,4.52,396654,Low Maturity,Tools,10000000,50000000,1/25/13,7,-33,https://play.google.com/store/apps/details?id=com.lookout
120,Titanium Backup PRO Key â˜… root,Titanium Track,1.2.3,$6.58 ,4.83,37812,Everyone,Tools,500000,1000000,1/27/13,2,-11,https://play.google.com/store/apps/details?id=com.keramidas.TitaniumBackupPro
121,Slots Social Casino,Playport,1.3.1,$0.00 ,4.05,8958,Medium Maturity,Cards & Casino,1000000,5000000,1/30/13,1,-7,https://play.google.com/store/apps/details?id=net.imcjapan.android.casino
124,PrinterShareâ„¢ Premium Key,Mobile Dynamix,3.6,$12.95 ,4.24,3265,Everyone,Business,100000,500000,8/9/12,7,4,https://play.google.com/store/apps/details?id=com.dynamixsoftware.printershare.premium
108,PLAYMOBIL Pirates,Gameloft,1.1.2,$0.00 ,4.39,20600,Everyone,Casual,1000000,5000000,1/22/13,-29,-291,https://play.google.com/store/apps/details?id=com.gameloft.android.ANMP.GloftPPHM
126,Battle Alert - Lord of War,Empire Game Studio,1.3.1,$0.00 ,4.2,4340,Medium Maturity,Arcade & Action,500000,1000000,1/30/13,-12,2,https://play.google.com/store/apps/details?id=com.elex.ram
127,Modern Combat 4: Zero Hour,Gameloft,1.0.1,$6.99 ,4.23,9117,Medium Maturity,Arcade & Action,50000,100000,12/21/12,0,23,https://play.google.com/store/apps/details?id=com.gameloft.android.ANMP.GloftM4HM
129,DEER HUNTER RELOADED,Glu Mobile,3.7.0,$0.00 ,4.46,157013,Medium Maturity,Arcade & Action,1000000,5000000,1/10/13,1,-22,https://play.google.com/store/apps/details?id=com.glu.deerhuntnew
131,SongPop Free,FreshPlanet,1.5.20,$0.00 ,4.67,248278,Low Maturity,Casual,10000000,50000000,1/15/13,2,-5,https://play.google.com/store/apps/details?id=air.com.freshplanet.games.WaM
128,Anipang for Kakao,"SUNDAYTOZ, INC",1.1.3,$0.00 ,3.52,115711,Low Maturity,Brain & Puzzle,10000000,50000000,1/2/13,-2,5,https://play.google.com/store/apps/details?id=com.sundaytoz.mobile.anipang.google.service
137,Trial Xtreme 3,IdealDimension,4.4,$0.00 ,4.33,47379,Low Maturity,Racing,5000000,10000000,1/24/13,11,39,https://play.google.com/store/apps/details?id=com.x3m.tx3
156,Tap Fish,Gameview Studios,2.47,$0.00 ,4.53,607874,Everyone,Casual,10000000,50000000,1/11/13,31,91,https://play.google.com/store/apps/details?id=com.bayview.tapfish
133,Big Win Basketball,Hothead Games,2.0.5,$0.00 ,4.24,14595,Everyone,Sports Games,1000000,5000000,1/23/13,9,39,https://play.google.com/store/apps/details?id=com.hotheadgames.google.free.bigwinbasketball
125,"Vault-Hide SMS, Pics & Videos",NQ Mobile Security,3.6.08.22,$0.00 ,4.48,91661,Low Maturity,Business,5000000,10000000,1/31/13,-6,-14,https://play.google.com/store/apps/details?id=com.netqin.ps
134,Puzzle & Dragons,GungHoOnlineEntertainment,4.22,$0.00 ,3.7,254,Everyone,Brain & Puzzle,10000,50000,12/20/12,1,-20,https://play.google.com/store/apps/details?id=jp.gungho.padEN
136,TRANSFORMERS Legends,mobage,1.9.5.1.4,$0.00 ,4.31,6849,Low Maturity,Arcade & Action,500000,1000000,12/13/12,0,17,https://play.google.com/store/apps/details?id=com.mobage.ww.a926.Transformers_Android
130,Bakery Story: Christmas,TeamLava Games,1.5.5.4,$0.00 ,4.55,13185,Everyone,Casual,1000000,5000000,1/4/13,-2,17,https://play.google.com/store/apps/details?id=com.teamlava.bakerystory8
132,MY LITTLE PONY,Gameloft,1.2.1,$0.00 ,4.41,29182,Everyone,Casual,1000000,5000000,1/3/13,-9,-15,https://play.google.com/store/apps/details?id=com.gameloft.android.ANMP.GloftPOHM
135,Bubble Witch Saga,King.com,Varies with device,$0.00 ,4.51,9174,Everyone,Casual,1000000,5000000,12/18/12,-13,-48,https://play.google.com/store/apps/details?id=com.midasplayer.apps.bubblewitch
141,Restaurant Storyâ„¢,TeamLava Games,1.5.5.4,$0.00 ,4.38,175335,Everyone,Casual,10000000,50000000,1/11/13,1,12,https://play.google.com/store/apps/details?id=com.teamlava.restaurantstory
143,Ice Age Village,Gameloft,1.0.5,$0.00 ,4.59,416745,Everyone,Casual,10000000,50000000,12/21/12,1,-54,https://play.google.com/store/apps/details?id=com.gameloft.android.ANMP.GloftIAHM
162,ë‹_í•¨ê»˜ ì°¨ì°¨ì°¨ for Kakao,CJ E&M corp.,2.1.1,$0.00 ,4.55,1617163,Low Maturity,Casual,10000000,50000000,1/23/13,27,40,https://play.google.com/store/apps/details?id=com.cjenm.chachacha
140,GO SMS Pro,GO Dev Team,4.73,$0.00 ,4.43,495199,Low Maturity,Communication,10000000,50000000,1/29/13,-6,-16,https://play.google.com/store/apps/details?id=com.jb.gosms
138,Mystery Manor,Game Insight International,Varies with device,$0.00 ,4.46,116425,Everyone,Arcade & Action,1000000,5000000,1/18/13,4,-57,https://play.google.com/store/apps/details?id=com.gameinsight.mmandroid
150,Plants vs. Zombies,Electronic Arts Inc,Varies with device,$2.99 ,3.31,6974,Everyone,Arcade & Action,100000,500000,1/28/13,7,25,https://play.google.com/store/apps/details?id=com.popcap.pvz_na
142,Quickoffice Pro HD,Quickoffice,5.7.327,$19.99 ,3.5,1452,Everyone,Business,100000,500000,1/2/13,-7,-45,https://play.google.com/store/apps/details?id=com.qo.android.tablet.am
145,The Price is Rightâ„¢ Slots,Ludia Inc.,1.5.10,$0.00 ,4.24,3452,Medium Maturity,Cards & Casino,100000,500000,1/29/13,-13,3,https://play.google.com/store/apps/details?id=com.ludia.tpirslots
147,NBA JAM by EA SPORTSâ„¢,Electronic Arts Inc,01.00.43,$2.99 ,3.63,3434,Everyone,Sports Games,100000,500000,1/30/13,-6,4,https://play.google.com/store/apps/details?id=com.eamobile.nbajam_na_wf
152,Marine&Lakes: USA,Navionics,2.6.3,$10.82 ,3.9,412,Low Maturity,Travel & Local,10000,50000,1/8/13,8,-27,https://play.google.com/store/apps/details?id=it.navionics.singleAppUsa
146,doubleTwist Player,doubleTwist â„¢,1.8.6,$0.00 ,4.38,113078,Everyone,Music & Audio,10000000,50000000,1/4/13,-5,1,https://play.google.com/store/apps/details?id=com.doubleTwist.androidPlayer
153,Next Launcher 3D,GO Launcher Dev Team,1.16.1,$15.99 ,4,1701,Everyone,Personalization,10000,50000,1/30/13,6,-23,https://play.google.com/store/apps/details?id=com.gtp.nextlauncher
144,Star Girl,Animoca,1.4,$0.00 ,4.5,50941,Medium Maturity,Casual,1000000,5000000,1/29/13,-18,7,https://play.google.com/store/apps/details?id=com.animoca.google.starGirl
158,Airport City,Game Insight International,Varies with device,$0.00 ,4.61,332111,Everyone,Arcade & Action,1000000,5000000,1/24/13,3,88,https://play.google.com/store/apps/details?id=com.gameinsight.airport
154,SuperGNES (SNES Emulator),Bubble Zap Games,1.3.6,$3.99 ,4.09,5222,Everyone,Arcade & Action,100000,500000,12/24/12,2,4,https://play.google.com/store/apps/details?id=com.bubblezapgames.supergnes
155,Dice With Buddiesâ„¢ Free,Avram Lyon,Varies with device,$0.00 ,4.52,23125,Medium Maturity,Casual,1000000,5000000,1/31/13,5,-8,https://play.google.com/store/apps/details?id=com.withbuddies.dice.free
148,Punch Hero,GAMEVIL Inc.,1.0.9,$0.00 ,4.58,170229,Low Maturity,Sports Games,5000000,10000000,1/28/13,-16,-4,https://play.google.com/store/apps/details?id=com.gamevil.punchhero.glo
160,Jetpack Joyride,Halfbrick Studios,1.3.5,$0.00 ,4.57,185237,Low Maturity,Arcade & Action,10000000,50000000,9/28/12,6,22,https://play.google.com/store/apps/details?id=com.halfbrick.jetpackjoyride
161,Blackboard Mobileâ„¢ Learn,Blackboard Inc.,Varies with device,$0.00 ,2.52,10783,Low Maturity,Education,1000000,5000000,12/13/12,16,8,https://play.google.com/store/apps/details?id=com.blackboard.android
151,Farm Storyâ„¢,TeamLava Games,1.9.5.2,$0.00 ,4.41,95819,Everyone,Casual,5000000,10000000,1/11/13,-5,-31,https://play.google.com/store/apps/details?id=com.teamlava.farmstory
159,Where's My Water?,Disney,1.9.0,$0.99 ,4.73,115144,Everyone,Brain & Puzzle,1000000,5000000,10/30/12,2,11,https://play.google.com/store/apps/details?id=com.disney.WMW
149,Fairy Farm,Game Gardenâ„¢,1.8.7,$0.00 ,4.49,82913,Everyone,Casual,1000000,5000000,1/25/13,-14,-70,https://play.google.com/store/apps/details?id=com.fairyfarmgame
171,Monsterama Park,"Kiwi, Inc.",1.6.8,$0.00 ,4.37,109282,Low Maturity,Casual,1000000,5000000,1/30/13,32,57,https://play.google.com/store/apps/details?id=com.kiwi.monsterpark
165,Robinson,Pixonic LLC,1.79.1,$0.00 ,4.61,110113,Everyone,Casual,1000000,5000000,1/31/13,6,30,https://play.google.com/store/apps/details?id=com.pixonic.robinson
163,Poweramp Full Version Unlocker,Max MP (MSR Ltd.),1.1-build-12,$3.99 ,4.69,51143,Everyone,Music & Audio,1000000,5000000,12/21/12,-2,3,https://play.google.com/store/apps/details?id=com.maxmpz.audioplayer.unlock
178,World at Arms,Gameloft,1.0.8,$0.00 ,4.38,48257,Medium Maturity,Arcade & Action,1000000,5000000,1/15/13,18,37,https://play.google.com/store/apps/details?id=com.gameloft.android.ANMP.GloftMTHM
157,Wild Bingo,Dragonplay,1.1,$0.00 ,4.15,8670,Medium Maturity,Cards & Casino,100000,500000,1/22/13,-23,-86,https://play.google.com/store/apps/details?id=com.dragonplay.wildbingo
177,Prize Claw,Game Circus LLC,2.7,$0.00 ,4.37,78186,Everyone,Arcade & Action,5000000,10000000,1/24/13,8,-12,https://play.google.com/store/apps/details?id=com.gamecircus.PrizeClaw
169,ETERNITY WARRIORS 2,Glu Mobile,2.1.0,$0.00 ,4.67,212286,Medium Maturity,Arcade & Action,1000000,5000000,1/14/13,8,48,https://play.google.com/store/apps/details?id=com.glu.ewarriors2
166,My Boy! - GBA Emulator,Fast Emulator,1.1.16,$4.99 ,4.37,924,Everyone,Arcade & Action,50000,100000,1/7/13,-4,0,https://play.google.com/store/apps/details?id=com.fastemulator.gba
174,Draw Something,OMGPOP,1.1111.104,$2.99 ,4,69930,Low Maturity,Brain & Puzzle,1000000,5000000,1/11/13,6,25,https://play.google.com/store/apps/details?id=com.omgpop.dstpaid
168,Order & Chaos Online,Gameloft,1.2.2,$6.99 ,4.26,29620,Medium Maturity,Arcade & Action,100000,500000,12/21/12,2,9,https://play.google.com/store/apps/details?id=com.gameloft.android.ANMP.GloftMMHM
167,Where's My Perry?,Disney,1.3.0,$0.99 ,4.61,29364,Everyone,Brain & Puzzle,500000,1000000,12/27/12,-7,-29,https://play.google.com/store/apps/details?id=com.disney.WMP
170,Nova Launcher Prime,TeslaCoil Software,1.1,$4.00 ,4.78,25492,Everyone,Personalization,100000,500000,12/31/12,-3,6,https://play.google.com/store/apps/details?id=com.teslacoilsw.launcher.prime
186,GREE,"GREE, Inc.",2.0.15,$0.00 ,2.48,18299,Low Maturity,Casual,1000000,5000000,1/16/13,19,46,https://play.google.com/store/apps/details?id=jp.gree.android.app
164,Happy Street,Godzilab Inc,1.3.306,$0.00 ,4.6,28931,Low Maturity,Casual,500000,1000000,1/18/13,-8,-155,https://play.google.com/store/apps/details?id=com.godzilab.happystreet
179,Dice With Buddiesâ„¢,Avram Lyon,2.6.5,$1.99 ,4.5,2406,Medium Maturity,Casual,10000,50000,1/25/13,8,7,https://play.google.com/store/apps/details?id=com.withbuddies.dice
175,Quickoffice Pro (Office & PDF),Quickoffice,5.7.327,$14.99 ,4.1,7982,Everyone,Business,100000,500000,1/2/13,-4,13,https://play.google.com/store/apps/details?id=com.qo.android.am3
172,Tiny Tribe,Everplay Interactive,1.712,$0.00 ,4.39,12577,Everyone,Casual,500000,1000000,1/29/13,-12,-5,https://play.google.com/store/apps/details?id=ru.crazybit.lost
176,LogMeIn Ignition,"LogMeIn, Inc.",Varies with device,$29.99 ,4.36,2528,Everyone,Productivity,100000,500000,1/25/13,-9,-12,https://play.google.com/store/apps/details?id=com.logmein.ignitionpro.android
184,Keeper Â® Password & Data Vault,"Keeper Security, Inc.",2013.01.14,$0.00 ,4.31,15844,Everyone,Productivity,1000000,5000000,1/16/13,7,27,https://play.google.com/store/apps/details?id=com.callpod.android_apps.keeper
203,Farm Casino - Slots Machines,Dragonplay,3.06,$0.00 ,4.48,30202,Medium Maturity,Cards & Casino,1000000,5000000,10/3/12,27,-12,https://play.google.com/store/apps/details?id=com.dragonplay.farmcasino
185,Chains of Durandal-Card Battle,mobage,2.0.1,$0.00 ,4.5,2438,Low Maturity,Casual,100000,500000,1/8/13,-4,52,https://play.google.com/store/apps/details?id=com.mobage.ww.a819.d2_android
180,Fatal Frontier,mobage,1.7.0.3,$0.00 ,4.5,5438,Medium Maturity,Arcade & Action,500000,1000000,8/10/12,-1,-59,https://play.google.com/store/apps/details?id=com.mobage.ww.a873.fatalfrontier_android_Android
183,"Skout - Meet, Chat, Friend",Skout Inc.,3.3.4,$0.00 ,4.08,138791,Medium Maturity,Social,5000000,10000000,1/28/13,-3,9,https://play.google.com/store/apps/details?id=com.skout.android
187,Avatar Fight - MMORPG game,GameJoy Inc,4.3,$0.00 ,4.61,51771,Everyone,Casual,1000000,5000000,1/17/13,12,41,https://play.google.com/store/apps/details?id=com.jiuzhangtech.arena
181,"Zombies, Run!",Six to Start,1.2.1,$3.77 ,4.36,2543,Medium Maturity,Health & Fitness,50000,100000,10/18/12,-11,-35,https://play.google.com/store/apps/details?id=com.sixtostart.zombiesrun
192,Drag Racing: Bike Edition,Creative Mobile,1.0.21,$0.00 ,4.5,91481,Everyone,Racing,10000000,50000000,1/14/13,9,27,https://play.google.com/store/apps/details?id=com.creativemobile.dragracingbe
190,Bingo Heaven - FREE BINGO GAME,Super Lucky Casino,1.33,$0.00 ,4.58,91654,Low Maturity,Cards & Casino,1000000,5000000,1/15/13,8,12,https://play.google.com/store/apps/details?id=com.twelvegigs.heaven.bingo
182,Top Stylist,Crowdstar Inc,3.0.3,$0.00 ,3.14,1649,Low Maturity,Casual,100000,500000,1/25/13,-9,-44,https://play.google.com/store/apps/details?id=com.crowdstar.avatar
173,Fish Live,CanadaDroid,1.1.24,$0.00 ,4.56,145607,Everyone,Casual,10000000,50000000,12/26/12,-14,-32,https://play.google.com/store/apps/details?id=com.baileyz.aquarium
188,STARDOM: THE A-LIST,Glu Mobile,Varies with device,$0.00 ,4.53,100958,Medium Maturity,Casual,1000000,5000000,1/29/13,0,-14,https://play.google.com/store/apps/details?id=com.glu.stardom
189,War 2 Victory,WISTONE ENTERTAINMENT,1.0.15,$0.00 ,4.19,1270,Medium Maturity,Arcade & Action,500000,1000000,1/30/13,-7,-35,https://play.google.com/store/apps/details?id=com.wistone.war2victory.nen
198,Temple Run,Imangi Studios,1.0.8,$0.00 ,4.62,1187296,Low Maturity,Arcade & Action,50000000,100000000,9/25/12,20,71,https://play.google.com/store/apps/details?id=com.imangi.templerun
191,Bubble Maniaâ„¢,TeamLava Games,1.1.1.8.2,$0.00 ,4.26,26560,Everyone,Arcade & Action,1000000,5000000,1/15/13,-3,7,https://play.google.com/store/apps/details?id=com.teamlava.bubble
206,Evernote,Evernote Corporation,4.5.4,$0.00 ,4.69,520459,Low Maturity,Productivity,10000000,50000000,1/29/13,4,-1,https://play.google.com/store/apps/details?id=com.evernote
201,The Amazing Spider-Man,Gameloft,Varies with device,$6.99 ,3.82,14500,Medium Maturity,Arcade & Action,100000,500000,11/8/12,4,7,https://play.google.com/store/apps/details?id=com.gameloft.android.ANMP.GloftAMHM
197,Hanging With Friends,Zynga,4.74,$0.00 ,4.27,92320,Low Maturity,Brain & Puzzle,5000000,10000000,1/21/13,-6,-6,https://play.google.com/store/apps/details?id=com.zynga.hanging
194,Slotsâ„¢: Holiday Edition,Shark Party Games,1.0.5.8,$0.00 ,4.15,6170,Medium Maturity,Cards & Casino,1000000,5000000,1/15/13,-5,-46,https://play.google.com/store/apps/details?id=com.sharkparty.slots8
205,Angry Birds Rio,Rovio Mobile Ltd.,1.5.0,$0.00 ,4.64,604541,Low Maturity,Arcade & Action,50000000,100000000,12/19/12,7,32,https://play.google.com/store/apps/details?id=com.rovio.angrybirdsrio
193,Fishing Superstars,GAMEVIL Inc.,1.2.3,$0.00 ,4.52,70420,Everyone,Sports Games,1000000,5000000,1/25/13,-21,-13,https://play.google.com/store/apps/details?id=com.gamevil.fishing.global
200,Ultimate Guitar Tabs,Ultimate Guitar USA LLC,1.8.6,$2.99 ,4.56,15047,Everyone,Music & Audio,100000,500000,1/30/13,-4,0,https://play.google.com/store/apps/details?id=com.ultimateguitar.tabs
196,Dragonplay Poker,Dragonplay,1.13,$0.00 ,4.13,944,Medium Maturity,Cards & Casino,50000,100000,1/28/13,1,52,https://play.google.com/store/apps/details?id=com.dragonplay.dragonplaypoker
204,BejeweledÂ® 2,Electronic Arts Inc,2.0.11,$2.99 ,3.26,5451,Everyone,Brain & Puzzle,100000,500000,1/25/13,4,19,https://play.google.com/store/apps/details?id=com.eamobile.bejeweled2_na_wf
208,Wifi Hotspot & USB Tether Pro,SVTP,2012.07.27.0.m,$14.99 ,3.96,1434,Everyone,Communication,50000,100000,7/27/12,2,-5,https://play.google.com/store/apps/details?id=com.svtechpartners.wifihotspot
210,SongPop,FreshPlanet,1.5.20,$1.99 ,4.62,14436,Everyone,Casual,100000,500000,1/15/13,1,11,https://play.google.com/store/apps/details?id=air.com.freshplanet.games.SongPopPremium
216,Kick the Boss 2,Game Hive Corporation,1.24,$0.00 ,4.75,124421,Medium Maturity,Arcade & Action,5000000,10000000,1/3/13,11,24,https://play.google.com/store/apps/details?id=com.gamehivecorp.kicktheboss2
195,Strikefleet Omega,6waves,1.2.3g,$0.00 ,4.6,61790,High Maturity,Arcade & Action,1000000,5000000,8/14/12,-23,-39,https://play.google.com/store/apps/details?id=com.sixwaves.strikefleetomega
213,MONOPOLY,Electronic Arts Inc,Varies with device,$4.99 ,2.97,1845,Everyone,Casual,100000,500000,1/28/13,5,15,https://play.google.com/store/apps/details?id=com.eamobile.monopoly_na_wf
229,Temple Run: Brave,Disney,1.3,$0.99 ,3.22,14833,Low Maturity,Arcade & Action,500000,1000000,1/3/13,36,103,https://play.google.com/store/apps/details?id=com.disney.brave_google
228,iMobstersâ„¢,Storm8 Games,1.4.3,$0.00 ,4.43,41583,Medium Maturity,Arcade & Action,5000000,10000000,1/21/13,5,-21,https://play.google.com/store/apps/details?id=com.storm8.imobsters
209,Torque Pro (OBD 2 & Car),Ian Hawkins,1.6.32,$4.95 ,4.76,11845,Low Maturity,Communication,100000,500000,1/26/13,-3,-9,https://play.google.com/store/apps/details?id=org.prowl.torque
224,Rule the Kingdom,Game Insight International,4.02,$0.00 ,4.25,34649,Everyone,Arcade & Action,1000000,5000000,12/20/12,14,63,https://play.google.com/store/apps/details?id=com.gameinsight.kingdom
220,The Bard's Tale,inXile entertainment,1.3.3b,$2.99 ,4.71,15568,Medium Maturity,Arcade & Action,100000,500000,12/21/12,13,45,https://play.google.com/store/apps/details?id=com.inxile.BardTale
218,Slotsâ„¢,Shark Party Games,1.0.5.8,$0.00 ,4.24,14600,Medium Maturity,Cards & Casino,1000000,5000000,1/24/13,17,25,https://play.google.com/store/apps/details?id=com.sharkparty.slots
212,SlingPlayer for Phones,Sling Media Inc.,2.2.3,$14.99 ,4.3,6189,Medium Maturity,Entertainment,100000,500000,12/12/12,-4,45,https://play.google.com/store/apps/details?id=com.slingmedia.slingPlayer
214,Zombie Evil,FT Games,1.08,$0.00 ,4.62,54937,Medium Maturity,Arcade & Action,1000000,5000000,1/30/13,-7,2,https://play.google.com/store/apps/details?id=com.feelingtouch.gnz
215,Beautiful Widgets,LevelUp Studio,5.0.7,$2.69 ,4.26,80934,Low Maturity,Personalization,1000000,5000000,1/5/13,-5,-32,https://play.google.com/store/apps/details?id=com.levelup.beautifulwidgets
230,Clickfun Casino,Online Skill LTD,0.0.38,$0.00 ,3.91,1098,Medium Maturity,Cards & Casino,100000,500000,1/29/13,8,7,https://play.google.com/store/apps/details?id=air.biz.rightshift.clickfun.casino
223,World Warâ„¢,Storm8 Games,1.4.3,$0.00 ,4.33,68966,Medium Maturity,Arcade & Action,10000000,50000000,1/22/13,-2,-42,https://play.google.com/store/apps/details?id=com.storm8.worldwar
199,Kingdom Royale,GAMEVIL Inc.,1.1.0,$0.00 ,4.34,28902,Medium Maturity,Arcade & Action,1000000,5000000,1/15/13,-18,13,https://play.google.com/store/apps/details?id=com.gamevil.projectn.global
235,Baseball SuperstarsÂ® 2013,GAMEVIL Inc.,1.0.6,$0.00 ,4.66,67366,Low Maturity,Sports Games,1000000,5000000,1/16/13,20,67,https://play.google.com/store/apps/details?id=com.gamevil.bb2013.global
225,9 Innings: 2013 Pro Baseball,Com2uS,1.0.6,$0.00 ,4.61,148048,Everyone,Sports Games,1000000,5000000,1/22/13,14,-13,https://play.google.com/store/apps/details?id=com.com2us.nipb2013.normal.freefull.google.global.android.common
226,SCRUFF Gay Guys Worldwide,"Perry Street Software, Inc.",3.0216,$0.00 ,4.15,9830,High Maturity,Social,500000,1000000,1/4/13,13,4,https://play.google.com/store/apps/details?id=com.appspot.scruffapp
256,Beat Hazard Ultra,Cold Beam Games Ltd,1.6,$4.49 ,4.8,1131,Everyone,Arcade & Action,10000,50000,1/18/13,66,146,https://play.google.com/store/apps/details?id=com.coldbeamgames.beathazardultragooglefull
219,Geocaching,Groundspeak Inc.,2.5.2,$9.99 ,4.01,6510,Low Maturity,Entertainment,100000,500000,11/27/12,-5,50,https://play.google.com/store/apps/details?id=com.groundspeak.geocaching
222,Assistant,Speaktoit,1.0.3.3,$0.00 ,4.64,105323,Low Maturity,Productivity,1000000,5000000,1/18/13,3,-10,https://play.google.com/store/apps/details?id=com.speaktoit.assistant
211,Ruby Blast,Zynga,1.1.3,$0.00 ,4.06,3862,Low Maturity,Brain & Puzzle,100000,500000,1/16/13,-34,,https://play.google.com/store/apps/details?id=com.zynga.zrush
217,NHL 2013 Live Wallpaper,Cellfish Studios,1.45,$0.00 ,3.97,2069,Low Maturity,Sports,100000,500000,1/28/13,-14,13,https://play.google.com/store/apps/details?id=airborne.nhlwp
221,City Slots New: Slots Machines,WinCity,2.2.1,$0.00 ,4.4,35700,Medium Maturity,Cards & Casino,1000000,5000000,1/19/13,-5,12,https://play.google.com/store/apps/details?id=com.wincity.ccslots
232,The Dark Knight Rises,Gameloft,1.1.2,$6.99 ,3.71,15165,Medium Maturity,Arcade & Action,100000,500000,1/30/13,3,11,https://play.google.com/store/apps/details?id=com.gameloft.android.ANMP.GloftKRHM
234,FRONTLINE COMMANDO,Glu Mobile,3.0.2,$0.00 ,4.6,458776,High Maturity,Arcade & Action,10000000,50000000,1/30/13,7,-3,https://play.google.com/store/apps/details?id=com.glu.modwarsniper
207,FINAL FANTASY AIRBORNE BRIGADE,mobage,1.0.2,$0.00 ,3.78,1225,Low Maturity,Arcade & Action,100000,500000,1/31/13,-53,-132,https://play.google.com/store/apps/details?id=com.mobage.ww.a1174.FINAL_FANTASY_AIRBORNE_BRIGADE_Android
227,Treasure Diving,Play Today,1.25,$0.00 ,4.81,8643,Everyone,Casual,100000,500000,1/26/13,-9,-94,https://play.google.com/store/apps/details?id=com.goplaytoday.divers
236,Camera ZOOM FX,androidslide,4.1.1,$2.99 ,4.41,45534,Low Maturity,Photography,1000000,5000000,1/13/13,-2,-39,https://play.google.com/store/apps/details?id=slide.cameraZoom
238,WeatherBug Elite,WeatherBug by Earth Networks,2.9.21,$1.99 ,4.39,34496,Low Maturity,Weather,100000,500000,12/19/12,-14,-87,https://play.google.com/store/apps/details?id=com.aws.android.elite
241,HD Widgets,cloud.tv,3.7.7,$1.99 ,4.35,17046,Low Maturity,Personalization,500000,1000000,1/1/13,7,16,https://play.google.com/store/apps/details?id=cloudtv.hdwidgets
244,Vonage MobileÂ®,Vonage,1.55.0,$0.00 ,4.15,5326,Low Maturity,Communication,1000000,5000000,1/5/13,5,-7,https://play.google.com/store/apps/details?id=com.vonage.TimeToCall
239,íƒ€ìù´ë‹ˆíŒ¡ for Kakao,Com2uS,1.1.0.0,$0.00 ,4.5,37128,Everyone,Arcade & Action,1000000,5000000,1/22/13,2,-23,https://play.google.com/store/apps/details?id=com.com2us.tinypang.kakao.freefull.google.global.android.common
242,Slots Wheel Deal by Yazino,Yazino,Varies with device,$0.00 ,3.95,458,Medium Maturity,Cards & Casino,100000,500000,1/16/13,14,28,https://play.google.com/store/apps/details?id=air.com.yazino.android.slots
233,Valor,"Quark Games, Inc.",1.2.0,$0.00 ,4.32,2735,Low Maturity,Arcade & Action,100000,500000,1/17/13,-7,-30,https://play.google.com/store/apps/details?id=com.playmesh.valor
250,Farming Simulator,GIANTS Software,1.0.8,$1.00 ,3.76,1660,Everyone,Arcade & Action,100000,500000,1/23/13,18,14,https://play.google.com/store/apps/details?id=com.giantssoftware.fs2012
249,Splashtop 2 - Remote Desktop,Splashtop,2.2.0.9,$0.00 ,4.51,15475,Everyone,Business,500000,1000000,1/30/13,6,-41,https://play.google.com/store/apps/details?id=com.splashtop.remote.pad.v2
246,CONTRACT KILLER 2,Glu Mobile,1.1.2,$0.00 ,4.53,71660,Medium Maturity,Arcade & Action,1000000,5000000,1/10/13,5,16,https://play.google.com/store/apps/details?id=com.glu.contractkiller2
237,City Island,Sparkling Society,2.1.6,$0.00 ,4.43,5378,Everyone,Casual,500000,1000000,1/31/13,-5,-7,https://play.google.com/store/apps/details?id=com.sparklingsociety.cityisland
253,SwiftKey 3 Tablet Keyboard,SwiftKey,3.1.0.377,$3.99 ,4.03,3796,Everyone,Productivity,100000,500000,1/2/13,3,-33,https://play.google.com/store/apps/details?id=com.touchtype.swiftkey.tablet.full
251,Littlest Pet Shop,Gameloft,1.1.3,$0.00 ,4.43,15705,Everyone,Casual,1000000,5000000,1/28/13,7,-3,https://play.google.com/store/apps/details?id=com.gameloft.android.ANMP.GloftPEHM
240,My Country,Game Insight International,3.02.966,$0.00 ,4.42,202685,Everyone,Arcade & Action,1000000,5000000,12/14/12,7,-77,https://play.google.com/store/apps/details?id=com.gameinsight.mycountry
272,Super Hexagon,Terry Cavanagh,1.0.2,$0.99 ,4.6,1928,Everyone,Arcade & Action,10000,50000,1/21/13,42,140,https://play.google.com/store/apps/details?id=com.distractionware.superhexagon
243,SAS: Zombie Assault 3,ninja kiwi,2.021,$0.00 ,4.4,24153,Medium Maturity,Arcade & Action,1000000,5000000,1/30/13,-21,-115,https://play.google.com/store/apps/details?id=com.ninjakiwi.sas3zombieassault
247,Mobile AntiVirus Security PRO,AVG Mobile technologies,Varies with device,$19.99 ,4.5,7947,Low Maturity,Communication,100000,500000,1/21/13,-6,18,https://play.google.com/store/apps/details?id=org.antivirus
259,Wild Blood,Gameloft,1.1.1,$6.99 ,4.14,13799,Medium Maturity,Arcade & Action,100000,500000,1/17/13,11,51,https://play.google.com/store/apps/details?id=com.gameloft.android.ANMP.GloftWBHM
258,Theme Park,Electronic Arts Inc,Varies with device,$0.00 ,4.04,8234,Everyone,Casual,100000,500000,1/17/13,11,38,https://play.google.com/store/apps/details?id=com.eamobile.themepark_na
231,Dawn Hero,somofun,1.0.4,$0.00 ,4.32,749,Medium Maturity,Arcade & Action,500000,1000000,1/29/13,-59,,https://play.google.com/store/apps/details?id=com.somofun.dawn
257,Millionaire Slots,Fruit Salad Games,1.0.13,$0.00 ,4.6,33001,Medium Maturity,Cards & Casino,1000000,5000000,1/27/13,22,46,https://play.google.com/store/apps/details?id=com.fruityfun.millionaireslots
260,7 Little Words,Blue Ox Technologies Ltd.,1.22.1,$0.00 ,4.79,85079,Everyone,Brain & Puzzle,1000000,5000000,12/17/12,5,4,https://play.google.com/store/apps/details?id=com.blueoxtech.sevenlittlewords
255,Haypi Kingdom,Haypi Inc,3.11.6,$0.00 ,4.46,1761,Everyone,Casual,100000,500000,1/10/13,-17,-82,https://play.google.com/store/apps/details?id=com.haypi.kingdom
263,DEAD TRIGGER,MADFINGER Games,Varies with device,$0.00 ,4.63,139517,High Maturity,Arcade & Action,5000000,10000000,12/17/12,6,10,https://play.google.com/store/apps/details?id=com.madfingergames.deadtrigger
262,JuiceDefender Ultimate,Latedroid,Varies with device,$4.99 ,4.61,40226,Low Maturity,Productivity,100000,500000,12/14/11,4,3,https://play.google.com/store/apps/details?id=com.latedroid.ultimatejuice
265,THE GAME OF LIFE,Electronic Arts Inc,1.2.08,$4.99 ,3.51,1559,Everyone,Casual,100000,500000,1/20/13,6,8,https://play.google.com/store/apps/details?id=com.eamobile.life_na_wf
254,Dreamland Super Theme GO,GO Launcher Dev Team,1,$5.99 ,4.75,61,Everyone,Personalization,1000,5000,1/30/13,-46,,https://play.google.com/store/apps/details?id=com.gau.go.launcherex.theme.dreamland
261,My Horse,NaturalMotionGames Ltd,1.10.4,$0.00 ,4.57,232589,Everyone,Casual,5000000,10000000,1/23/13,7,15,https://play.google.com/store/apps/details?id=com.naturalmotion.myhorse
271,Dragon Warcraft,FT Games,1.09,$0.00 ,4.56,18180,Medium Maturity,Arcade & Action,1000000,5000000,1/30/13,5,44,https://play.google.com/store/apps/details?id=com.feelingtouch.dragonwarcraft
281,Garmin Pilot,"Digital Cyclone, Inc",2.2.3,$0.00 ,3.75,169,Low Maturity,Weather,10000,50000,1/22/13,18,2,https://play.google.com/store/apps/details?id=com.digcy.pilot
248,Zen Pinball HD,Zen Studios,1.11.2,$0.00 ,4.12,3543,Low Maturity,Arcade & Action,1000000,5000000,1/22/13,-57,,https://play.google.com/store/apps/details?id=com.zenstudios.ZenPinball
267,Asphalt 7: Heat,Gameloft,Varies with device,$0.99 ,4.23,100664,Everyone,Racing,1000000,5000000,12/27/12,11,-16,https://play.google.com/store/apps/details?id=com.gameloft.android.ANMP.GloftA7HM
287,Rayman Jungle Run,Ubisoft Entertainment,2.0.7,$3.62 ,4.37,5815,Everyone,Arcade & Action,100000,500000,1/23/13,38,96,https://play.google.com/store/apps/details?id=com.pastagames.ro1mobile
275,WolframAlpha,"Wolfram Alpha, LLC",1.2.0.3888710,$2.99 ,4.52,5622,Low Maturity,Books & Reference,100000,500000,12/11/12,13,-45,https://play.google.com/store/apps/details?id=com.wolfram.android.alpha
277,Draw Something Free,OMGPOP,1.1111.104,$0.00 ,4.13,575056,Low Maturity,Brain & Puzzle,10000000,50000000,1/11/13,12,13,https://play.google.com/store/apps/details?id=com.omgpop.dstfree
301,Dark Arcana: the Carnival,G5 Entertainment,1.2,$0.00 ,4.57,14212,Everyone,Brain & Puzzle,100000,500000,1/18/13,50,121,https://play.google.com/store/apps/details?id=com.g5e.carnival.android
268,Magic Piano,Smule,1.1.3,$0.00 ,4.26,46019,Low Maturity,Music & Audio,5000000,10000000,1/18/13,-3,20,https://play.google.com/store/apps/details?id=com.smule.magicpiano
270,Slots Casinoâ„¢,gamezone 8,1.1.4,$0.00 ,4.47,4622,Medium Maturity,Cards & Casino,500000,1000000,1/25/13,1,-2,https://play.google.com/store/apps/details?id=com.geaxgame.slots.casino
284,Workout Trainer,Skimble Inc.,4.3,$0.00 ,4.38,40372,Low Maturity,Health & Fitness,5000000,10000000,12/21/12,-1,15,https://play.google.com/store/apps/details?id=com.skimble.workouts
273,NFL Matchups,mobage,1.0.33,$0.00 ,4.35,360,Everyone,Sports Games,50000,100000,1/18/13,3,,https://play.google.com/store/apps/details?id=com.mobage.ww.a1200.NFL_CARD_Android
269,Dinosaur War,DroidHen,1.3.7,$0.00 ,4.54,71071,Low Maturity,Casual,5000000,10000000,1/9/13,2,-4,https://play.google.com/store/apps/details?id=com.droidhen.game.dinosaur
274,Elder Sign: Omens,Fantasy Flight Games,1.2.5,$3.99 ,4.53,1553,Medium Maturity,Brain & Puzzle,10000,50000,12/27/12,-1,-159,https://play.google.com/store/apps/details?id=com.fantasyflightgames.ESAndroid
276,Big Win Slotsâ„¢,Mobile Deluxe,1.7.1,$0.00 ,4.49,31652,Medium Maturity,Cards & Casino,1000000,5000000,1/24/13,-1,-22,https://play.google.com/store/apps/details?id=com.gosub60.BigWinSlots
245,Dead Crossing,FT Games,1.02,$0.00 ,4.37,2163,High Maturity,Arcade & Action,100000,500000,1/28/13,-61,,https://play.google.com/store/apps/details?id=com.feelingtouch.crossx
252,D.O.T. Defender of Texel (RPG),mobage,1.2.1,$0.00 ,4.11,1126,Low Maturity,Arcade & Action,50000,100000,1/29/13,-30,11,https://play.google.com/store/apps/details?id=com.mobage.ww.a1257.Dot_Android
278,ROM Manager (Premium),ClockworkMod,1.0.8,$5.99 ,4.53,27895,Everyone,Tools,100000,500000,12/22/12,0,-25,https://play.google.com/store/apps/details?id=com.koushikdutta.rommanager.license
303,Rail Rush,Miniclip.com,1.1.2,$0.00 ,4.24,78042,Low Maturity,Arcade & Action,10000000,50000000,1/18/13,42,61,https://play.google.com/store/apps/details?id=com.miniclip.railrush
280,X-Plane 9,Laminar Research,9.75.2,$0.00 ,4.18,9095,Everyone,Arcade & Action,1000000,5000000,9/27/12,4,0,https://play.google.com/store/apps/details?id=com.laminarresearch.xplane_default
310,The World of Magic,Com2uS,1.3.3,$0.00 ,4.36,38789,Low Maturity,Arcade & Action,1000000,5000000,1/28/13,64,39,https://play.google.com/store/apps/details?id=com.com2us.imo.normal.freefull.google.global.android.common
202,Carbon (Premium),ClockworkMod,1.0.0.1,$4.99 ,4.71,75,Everyone,Tools,1000,5000,1/30/13,,,https://play.google.com/store/apps/details?id=com.koushikdutta.backup.license
290,Plex for Android,"Plex, Inc.",2.2.3.3,$4.99 ,4.15,2794,Everyone,Media & Video,50000,100000,11/18/12,9,16,https://play.google.com/store/apps/details?id=com.plexapp.android
282,Red Warfare,Smile Studio,2.4.0,$0.00 ,4.27,1121,Everyone,Arcade & Action,100000,500000,1/28/13,2,-29,https://play.google.com/store/apps/details?id=air.com.sinetimes.redwar.europe
291,Catan,USM,3.0.2,$3.99 ,3.67,3442,Everyone,Brain & Puzzle,100000,500000,12/6/12,12,-16,https://play.google.com/store/apps/details?id=com.exozet.android.catan
285,N.O.V.A. 3 - Near Orbit...,Gameloft,1.0.4,$6.99 ,4.14,21740,Medium Maturity,Arcade & Action,100000,500000,12/21/12,-1,-11,https://play.google.com/store/apps/details?id=com.gameloft.android.ANMP.GloftN3HM
298,ZOOKEEPER BATTLE,KITERETSU inc.,1.1.4,$0.00 ,3.91,8267,Everyone,Brain & Puzzle,1000000,5000000,1/28/13,30,20,https://play.google.com/store/apps/details?id=jp.kiteretsu.zookeeperbattle.google
289,DragonFlight for Kakao,NextFloor,1.1.4,$0.00 ,4.62,2753018,Everyone,Arcade & Action,10000000,50000000,1/9/13,5,0,https://play.google.com/store/apps/details?id=com.NextFloor.DragonFlightKakao
266,"Tango Text, Voice, Video Calls",Tango,2.5.35414,$0.00 ,4.34,451292,Everyone,Social,50000000,100000000,1/8/13,-58,-65,https://play.google.com/store/apps/details?id=com.sgiggle.production
286,The Simsâ„¢ 3,Electronic Arts Inc,1.0.47,$6.99 ,3.32,8984,Medium Maturity,Casual,100000,500000,1/15/13,12,51,https://play.google.com/store/apps/details?id=com.eamobile.sims3_na_qwf
292,SketchBook Pro for Tablets,Autodesk Inc.,2.5.2,$4.99 ,4.02,1492,Everyone,Media & Video,100000,500000,12/26/12,1,31,https://play.google.com/store/apps/details?id=com.adsk.sketchbookhd
288,World of Goo,2D BOY,1.0.5,$4.99 ,4.8,12464,Low Maturity,Brain & Puzzle,500000,1000000,12/18/12,-10,-4,https://play.google.com/store/apps/details?id=com.twodboy.worldofgoofull
293,ELGARD,"RNTSMedia.Co.,Ltd.",1.04,$0.00 ,4.1,4958,Low Maturity,Arcade & Action,1000000,5000000,11/6/12,10,33,https://play.google.com/store/apps/details?id=com.rnts.elgardus
295,Angry Birds Star Wars HD,Rovio Mobile Ltd.,1.1.2,$2.99 ,4.08,2492,Everyone,Arcade & Action,100000,500000,1/31/13,8,37,https://play.google.com/store/apps/details?id=com.rovio.angrybirdsstarwarshd.premium.iap
296,Angry Birds Space Premium,Rovio Mobile Ltd.,1.4.0,$0.99 ,4.39,14127,Everyone,Arcade & Action,500000,1000000,1/10/13,23,46,https://play.google.com/store/apps/details?id=com.rovio.angrybirdsspace.premium
297,Slots Heaven:FREE Slot Machine,Super Lucky Casino,1.3,$0.00 ,4.49,53707,Medium Maturity,Cards & Casino,1000000,5000000,1/30/13,8,-2,https://play.google.com/store/apps/details?id=com.twelvegigs.heaven.slots
302,Slots Masterâ„¢,geaxgame,1.1.4,$0.00 ,4.57,2343,Medium Maturity,Cards & Casino,100000,500000,1/25/13,8,21,https://play.google.com/store/apps/details?id=com.geaxgame.slotsmaster
311,BackCountry Navigator PRO GPS,CritterMap Software LLC,Varies with device,$9.99 ,4.5,2254,Low Maturity,Travel & Local,50000,100000,1/30/13,18,35,https://play.google.com/store/apps/details?id=com.crittermap.backcountrynavigator.license
264,ì•„ìù´ëŸ¬ë¸Œì»_í”_ for Kakao,PATISTUDIO Inc.,1.0.11,$0.00 ,3.89,76123,Low Maturity,Casual,5000000,10000000,1/23/13,-40,-46,https://play.google.com/store/apps/details?id=com.patistudio.milc4kakao
294,Tapatalk Forum App,Quoord Systems Limited,2.4.10,$2.99 ,4.54,50028,Medium Maturity,Social,100000,500000,1/19/13,-8,-10,https://play.google.com/store/apps/details?id=com.quoord.tapatalkpro.activity
300,Pocket Legends,Spacetime Studios,2.0.0.5,$0.00 ,4.53,79460,Medium Maturity,Arcade & Action,1000000,5000000,1/9/13,-7,48,https://play.google.com/store/apps/details?id=sts.pl
314,Nexus Media Importer,Homesoft,4.4,$2.99 ,4.46,1928,Everyone,Media & Video,100000,500000,1/27/13,19,-20,https://play.google.com/store/apps/details?id=com.homeysoft.nexususb.importer
305,Gangstar Rio: City of Saints,Gameloft,Varies with device,$6.99 ,3.67,6719,High Maturity,Arcade & Action,100000,500000,1/17/13,4,4,https://play.google.com/store/apps/details?id=com.gameloft.android.ANMP.GloftG4HM
299,MADDEN NFL 12 by EA SPORTSâ„¢,Electronic Arts Inc,1.0.4,$4.99 ,3,5791,Everyone,Sports Games,100000,500000,1/22/13,7,33,https://play.google.com/store/apps/details?id=com.ea.game.madden12_na
323,Inotia 4,Com2uS,1.1.5,$0.00 ,4.63,197821,Low Maturity,Arcade & Action,1000000,5000000,1/22/13,9,17,https://play.google.com/store/apps/details?id=com.com2us.inotia4.normal.freefull.google.global.android.common
283,"Moco - Chat, Meet, Games","JNJ Mobile, Inc",2.5.17,$0.00 ,4.21,79525,Medium Maturity,Social,1000000,5000000,1/9/13,-52,-105,https://play.google.com/store/apps/details?id=com.jnj.mocospace.android
321,Tasker,Crafty Apps,1.3.3u2,$6.49 ,4.66,11753,Medium Maturity,Tools,100000,500000,11/22/12,33,51,https://play.google.com/store/apps/details?id=net.dinglisch.android.taskerm
308,iMap Weather Radio,"Weather Decision Technologies, Inc.",2.2.2,$9.99 ,4.21,34,Low Maturity,Weather,1000,5000,11/12/12,-50,,https://play.google.com/store/apps/details?id=com.wdtinc.android.mwr
320,Triple Town,Spry Fox LLC,Varies with device,$0.00 ,4.6,54595,Everyone,Brain & Puzzle,1000000,5000000,1/15/13,24,75,https://play.google.com/store/apps/details?id=com.spryfox.tripletown
306,My Backup Pro,"Rerware, LLC",3.3.2,$4.99 ,4.54,15892,Everyone,Tools,100000,500000,1/29/13,-4,-23,https://play.google.com/store/apps/details?id=com.rerware.android.MyBackupPro
319,Kingdoms & Lords,Gameloft,1.4.3,$0.00 ,4.45,44472,Everyone,Casual,1000000,5000000,12/27/12,22,-65,https://play.google.com/store/apps/details?id=com.gameloft.android.ANMP.GloftDKHM
327,GO Weather EX,GO Launcher EX,3.51,$0.00 ,4.44,118844,Low Maturity,Weather,10000000,50000000,1/30/13,5,-83,https://play.google.com/store/apps/details?id=com.gau.go.launcherex.gowidget.weatherwidget
313,MyCalendar,"K-Factor Media, LLC",2.63,$0.00 ,4.55,490607,Low Maturity,Productivity,10000000,50000000,1/20/13,-8,0,https://play.google.com/store/apps/details?id=com.kfactormedia.mycalendarmobile
317,Lucky Bingo,LuckyLabs,4.8.5,$0.00 ,4.21,74388,Medium Maturity,Cards & Casino,5000000,10000000,1/10/13,18,17,https://play.google.com/store/apps/details?id=com.luckylabs.luckybingo
325,Bingo Madness,Product Madness,1.12,$0.00 ,4.53,3096,Medium Maturity,Cards & Casino,100000,500000,1/18/13,12,43,https://play.google.com/store/apps/details?id=com.productmadness.bingomadness
324,FPse for android,Schtruck & LDchen,0.11.81,$3.63 ,4.32,11041,Everyone,Entertainment,100000,500000,1/24/13,6,-31,https://play.google.com/store/apps/details?id=com.emulator.fpse
312,DINO DOMINION,"COLOPL, Inc.",1.0.5,$0.00 ,4.45,2512,Low Maturity,Arcade & Action,100000,500000,12/27/12,-19,7,https://play.google.com/store/apps/details?id=jp.colopl.dinous
352,LINE: Free Calls & Messages,NAVER,3.5.0,$0.00 ,4.09,481385,Medium Maturity,Communication,10000000,50000000,1/31/13,43,14,https://play.google.com/store/apps/details?id=jp.naver.line.android
329,TSF Shell,TSFUI,1.7.9.4,$16.81 ,4.1,4748,Everyone,Personalization,10000,50000,12/14/12,26,112,https://play.google.com/store/apps/details?id=com.tsf.shell
318,SlingPlayer for Tablets,Sling Media Inc.,3.0.5,$14.99 ,3.79,677,Medium Maturity,Media & Video,10000,50000,10/3/12,3,25,https://play.google.com/store/apps/details?id=com.slingmedia.slingPlayerTablet
309,AirSync by doubleTwist,doubleTwist â„¢,1.8.0,$4.99 ,4.02,7370,Everyone,Music & Audio,100000,500000,8/13/12,-7,-7,https://play.google.com/store/apps/details?id=com.doubleTwist.androidPlayerProKey
139,ìœˆë“œëŸ¬ë„ˆ for Kakao,"WeMade Entertainment CO., LTD",1.3,$0.00 ,4.5,97320,Everyone,Arcade & Action,50000,100000,1/29/13,,,https://play.google.com/store/apps/details?id=com.linktomorrow.windrunner
279,NFL Quarterback 13,Full Fat,1.0.2,$2.24 ,3.63,16,Everyone,Sports Games,1000,5000,1/25/13,-94,,https://play.google.com/store/apps/details?id=com.fullfat.android.quarterback13
336,CHAOS RINGS,"SQUARE ENIX Co.,Ltd.",1.1.1,$8.99 ,4.17,1358,Low Maturity,Arcade & Action,50000,100000,11/2/12,16,103,https://play.google.com/store/apps/details?id=com.square_enix.chaosrings.googleplay
322,Homerun Battle 2,Com2uS,1.1.1.0,$0.00 ,4.81,211891,Everyone,Arcade & Action,1000000,5000000,1/22/13,10,20,https://play.google.com/store/apps/details?id=com.com2us.homerunbattle2.normal.freefull.google.global.android.common
338,Top Eleven Football Manager,Nordeus,2.1.1,$0.00 ,4.44,73106,Everyone,Sports Games,1000000,5000000,1/28/13,30,107,https://play.google.com/store/apps/details?id=eu.nordeus.topeleven.android
307,Dark Galaxy: Space Wars,Uken Games,1.26,$0.00 ,4.5,7244,Medium Maturity,Arcade & Action,500000,1000000,1/15/13,-22,-158,https://play.google.com/store/apps/details?id=com.uken.android.novawars
330,CONTRACT KILLER,Glu Mobile,1.6.0,$0.00 ,4.59,194817,Medium Maturity,Arcade & Action,10000000,50000000,5/25/12,5,62,https://play.google.com/store/apps/details?id=com.glu.android.ck
315,Dark Legends,Spacetime Studios,2.0.0.3,$0.00 ,4.64,32252,High Maturity,Arcade & Action,1000000,5000000,11/26/12,-8,125,https://play.google.com/store/apps/details?id=sts.dl
335,Outlook Web Mobile (OWA EMail),WWO Development,2.59,$4.99 ,3.9,501,Everyone,Business,10000,50000,1/26/13,9,-18,https://play.google.com/store/apps/details?id=com.wwongdev.outlookwebmobile
331,Angry Birds Space,Rovio Mobile Ltd.,1.4.0,$0.00 ,4.58,530352,Low Maturity,Arcade & Action,50000000,100000000,1/10/13,3,40,https://play.google.com/store/apps/details?id=com.rovio.angrybirdsspace.ads
326,Bad Piggies,Rovio Mobile Ltd.,1.1.0,$0.00 ,4.61,124039,Low Maturity,Arcade & Action,10000000,50000000,10/29/12,7,41,https://play.google.com/store/apps/details?id=com.rovio.BadPiggies
358,Pinball Arcade,FarSight Studios,1.10.0,$0.00 ,3.97,9954,Everyone,Arcade & Action,1000000,5000000,1/18/13,41,188,https://play.google.com/store/apps/details?id=com.farsight.AndroidPinball.javaProject
334,câ€¢PRO+ craigslist Client Droid,"Escargot Studios, LLC",1.962,$1.99 ,4.61,5950,Medium Maturity,Finance,10000,50000,1/25/13,-7,-136,https://play.google.com/store/apps/details?id=craigslist.pro.plus
353,World Warâ„¢ - 14 Honor Points,Storm8 Games,1.4.2,$0.00 ,4.53,28124,Everyone,Arcade & Action,1000000,5000000,1/22/13,23,76,https://play.google.com/store/apps/details?id=com.storm8.worldwar14
328,Hello Kitty Cafe,Sanrio Digital,1.1.2,$0.00 ,4.31,25120,Low Maturity,Casual,1000000,5000000,1/20/13,-8,-14,https://play.google.com/store/apps/details?id=com.sd.google.helloKittyCafe
332,Virtual City Playground,G5 Entertainment,1.9,$0.00 ,4.46,94586,Everyone,Arcade & Action,1000000,5000000,12/27/12,-6,-36,https://play.google.com/store/apps/details?id=com.g5e.virtualcitysb
316,Texas HoldEm Poker Deluxe Pro,IGG.COM,1.3.5,$0.00 ,4.62,3261,High Maturity,Cards & Casino,100000,500000,1/31/13,-16,-32,https://play.google.com/store/apps/details?id=com.igg.pokerdeluxepro
351,Badoo - Meet New People,Badoo,Varies with device,$0.00 ,4.48,381636,Medium Maturity,Social,10000000,50000000,1/23/13,11,-3,https://play.google.com/store/apps/details?id=com.badoo.mobile
360,Bingo 90 Live HD,Fungrep Co Ltd,10.01,$0.00 ,3.91,337,Medium Maturity,Brain & Puzzle,50000,100000,1/24/13,12,-102,https://play.google.com/store/apps/details?id=kr.co.tk.game.bingo90.google
368,SAMURAI vs ZOMBIES DEFENSE,Glu Mobile,3.4.0,$0.00 ,4.6,283593,Low Maturity,Arcade & Action,1000000,5000000,1/9/13,35,81,https://play.google.com/store/apps/details?id=com.glu.samuzombie
348,Dragon Kingdom (en),X6 Game,1.6.2e,$0.00 ,4.26,3442,Low Maturity,Arcade & Action,500000,1000000,12/19/12,14,81,https://play.google.com/store/apps/details?id=cn.x6game.dragonkingdomEn
344,Devil's Attorney,Senri AB,1.0.3,$2.99 ,4.43,2307,Medium Maturity,Brain & Puzzle,100000,500000,1/5/13,7,17,https://play.google.com/store/apps/details?id=com.senri.da
347,Osmos HD,Hemisphere Games,Varies with device,$2.99 ,4.81,39844,Everyone,Arcade & Action,500000,1000000,1/23/13,8,29,https://play.google.com/store/apps/details?id=com.hemispheregames.osmos
340,ROM Toolbox Pro,JRummy Apps Inc.,5.5.1,$4.99 ,4.75,14482,Everyone,Tools,100000,500000,11/20/12,-3,16,https://play.google.com/store/apps/details?id=com.jrummy.liberty.toolboxpro
333,Galaxy Empire,GAMEVIL Inc.,1.0.6,$0.00 ,4.32,8468,Low Maturity,Arcade & Action,500000,1000000,1/23/13,22,-7,https://play.google.com/store/apps/details?id=com.gamevil.galaxyempire.google
343,ePSXe for Android,epsxe software s.l.,1.8.4,$3.75 ,4.28,1268,Everyone,Arcade & Action,50000,100000,1/5/13,-2,48,https://play.google.com/store/apps/details?id=com.epsxe.ePSXe
346,Extreme Road Trip 2,Roofdog Games,1.8,$0.00 ,4.64,28878,Everyone,Arcade & Action,1000000,5000000,1/25/13,0,-51,https://play.google.com/store/apps/details?id=ca.roofdog.roadtrip2
345,Fruit Ninja,Halfbrick Studios,1.7.6,$1.22 ,4.26,37027,Low Maturity,Arcade & Action,1000000,5000000,3/23/12,-4,-5,https://play.google.com/store/apps/details?id=com.halfbrick.fruitninja
349,Flow Free: Bridges,Big Duck Games LLC,1.1,$0.00 ,4.7,9136,Everyone,Brain & Puzzle,1000000,5000000,1/23/13,5,16,https://play.google.com/store/apps/details?id=com.bigduckgames.flowbridges
339,Tiger Woods PGA TOURÂ® 12,Electronic Arts Inc,1.1.42,$2.99 ,2.97,469,Everyone,Sports Games,10000,50000,1/26/13,-12,-72,https://play.google.com/store/apps/details?id=com.ea.twpgatour12_NA
371,Scarface,Fuse Powered Inc.,2.1.0,$0.00 ,4.21,10742,High Maturity,Casual,1000000,5000000,12/4/12,29,-22,https://play.google.com/store/apps/details?id=com.hotheadgames.google.free.scarface
357,iPhone Messages,BarleyStudio,1.24,$2.96 ,3.65,870,Everyone,Tools,10000,50000,1/29/13,5,35,https://play.google.com/store/apps/details?id=com.iphonestyle.mms
341,CONTRACT KILLER ZOMBIES 2,Glu Mobile,1.1.1,$0.00 ,4.66,48102,High Maturity,Arcade & Action,1000000,5000000,1/15/13,-13,53,https://play.google.com/store/apps/details?id=com.glu.ckzombies2
354,Wheres My Droid,Alienman Tech,4.1.1,$0.00 ,4.6,79594,Low Maturity,Tools,10000000,50000000,11/2/12,1,2,https://play.google.com/store/apps/details?id=com.alienmanfc6.wheresmyandroid
350,Cartoon Wars,GAMEVIL Inc.,1.0.7,$0.00 ,4.77,285472,Low Maturity,Arcade & Action,10000000,50000000,1/4/13,3,53,https://play.google.com/store/apps/details?id=com.gamevil.cartoonwars.one.global
376,5th Grader?Â® & Friends,Ludia Inc.,1.0.4,$0.00 ,4.5,5307,Medium Maturity,Casual,100000,500000,1/31/13,16,0,https://play.google.com/store/apps/details?id=com.ludia.FifthGrader.free
361,"Casino Live - Slots, Blackjack",NuriGames Inc.,1.06,$0.00 ,4.39,521,Medium Maturity,Cards & Casino,100000,500000,1/15/13,-5,-92,https://play.google.com/store/apps/details?id=com.nurigames.casinolive
356,Coach's Eye,TechSmith Corporation,Varies with device,$4.99 ,4.48,475,Low Maturity,Sports,10000,50000,1/22/13,-3,-34,https://play.google.com/store/apps/details?id=com.techsmith.apps.coachseye
403,GyroSpace 3D Live Wallpaper,Opotech,1.0.5,$1.63 ,4.67,1044,Everyone,Personalization,10000,50000,1/10/13,76,71,https://play.google.com/store/apps/details?id=opotech.starfieldLWP
373,Zombie Highway,Auxbrain Inc,1.4,$0.99 ,4.6,2609,Medium Maturity,Arcade & Action,50000,100000,12/11/12,23,65,https://play.google.com/store/apps/details?id=com.auxbrain.zombie_highway
369,HotSchedules,HotSchedules,1.1.19,$2.99 ,3.25,1983,Everyone,Productivity,100000,500000,8/9/12,13,8,https://play.google.com/store/apps/details?id=com.tdr3.hs.android
359,Mobile Security & Antivirus,Trend Micro,2.6.2,$0.00 ,4.29,2965,Low Maturity,Tools,100000,500000,1/31/13,-3,33,https://play.google.com/store/apps/details?id=com.trendmicro.tmmspersonal
374,Root Explorer (File Manager),Speed Software,2.21.1,$3.99 ,4.76,18316,Everyone,Productivity,500000,1000000,8/12/12,17,27,https://play.google.com/store/apps/details?id=com.speedsoftware.rootexplorer
365,GUN ZOMBIE : HELLGATE,PNIX Games,3.2,$0.00 ,4.61,78060,Medium Maturity,Arcade & Action,1000000,5000000,1/10/13,10,24,https://play.google.com/store/apps/details?id=com.pnixgames.gunzombieHellGate
355,Tiny FarmÂ®,Com2uS,1.03.00,$0.00 ,4.42,284257,Everyone,Casual,5000000,10000000,1/24/13,-9,-22,https://play.google.com/store/apps/details?id=com.com2us.tinyfarm.normal.freefull.google.global.android.common
363,GrooVe IP,snrb Labs,1.3.4,$4.99 ,4.19,3255,Everyone,Communication,50000,100000,11/19/12,-7,6,https://play.google.com/store/apps/details?id=com.gvoip
391,Truck GPS Route - Subscription,TeleType,1.2.10.1,$0.00 ,4.3,33,Low Maturity,Transportation,5000,10000,1/28/13,13,19,https://play.google.com/store/apps/details?id=com.teletype.smarttruckroute
372,BLOOD & GLORY: LEGEND,Glu Mobile,2.0.2,$0.00 ,4.69,159421,High Maturity,Arcade & Action,1000000,5000000,11/9/12,-16,-19,https://play.google.com/store/apps/details?id=com.glu.gladiator2
393,Magnus Ignis,GREE Inc,1.0.4,$0.00 ,4.77,2405,Low Maturity,Arcade & Action,10000,50000,1/25/13,-26,-54,https://play.google.com/store/apps/details?id=net.gree.android.pf.greeapp57814a
367,BeyondPod Unlock Key,BeyondPod Team,1.0.2,$6.99 ,4.64,2428,Everyone,Libraries & Demo,100000,500000,1/10/13,-2,-33,https://play.google.com/store/apps/details?id=mobi.beyondpod.unlockkey
337,SuperSU Pro,Chainfire,1,$2.49 ,4.83,1307,Low Maturity,Tools,50000,100000,3/9/12,-102,,https://play.google.com/store/apps/details?id=eu.chainfire.supersu.pro
364,Couch-to-5K,"The ACTIVE Network, Inc.",1.7.1.0005,$2.99 ,4.26,299,Low Maturity,Health & Fitness,50000,100000,1/30/13,-22,-51,https://play.google.com/store/apps/details?id=com.active.aps.c25k
411,SPB Shell 3D,SPB Software,1.6.3,$14.95 ,4.03,35990,Low Maturity,Personalization,500000,1000000,9/4/12,46,75,https://play.google.com/store/apps/details?id=com.spb.shell3d
380,ROM Manager,ClockworkMod,5.5.1.7,$0.00 ,4.6,126842,Everyone,Tools,5000000,10000000,1/28/13,13,-22,https://play.google.com/store/apps/details?id=com.koushikdutta.rommanager
382,Cartoon Wars 2,GAMEVIL Inc.,1.0.3,$0.00 ,4.63,96700,Medium Maturity,Arcade & Action,1000000,5000000,12/13/12,-13,-16,https://play.google.com/store/apps/details?id=com.gamevil.cartoonwars.two.global
378,Invoice2go - Invoice App,Invoice2go,6.1.1,$9.99 ,4,561,Everyone,Business,10000,50000,1/24/13,-6,-50,https://play.google.com/store/apps/details?id=com.invoice2gofull
375,GO Launcher EX,GO Launcher Dev Team,3.27,$0.00 ,4.56,1048000,Everyone,Personalization,50000000,100000000,1/28/13,-7,-33,https://play.google.com/store/apps/details?id=com.gau.go.launcherex
384,Beach Buggy Blitz,Vector Unit,1.2.1,$0.00 ,4.41,40753,Everyone,Racing,5000000,10000000,1/14/13,12,39,https://play.google.com/store/apps/details?id=com.vectorunit.yellow
407,City Storyâ„¢,TeamLava Games,1.0.7,$0.00 ,4.45,41295,Everyone,Casual,1000000,5000000,1/25/12,36,-24,https://play.google.com/store/apps/details?id=com.teamlava.citystory
362,Papaya Farm 2011,Papaya Mobile Inc.,3.07,$0.00 ,3.96,12572,Low Maturity,Casual,1000000,5000000,11/29/12,-17,-18,https://play.google.com/store/apps/details?id=com.papaya.papayafarm2012
385,FxGuru:  Movie FX Director,Picadelic,1.0.4,$0.00 ,4.65,3896,Low Maturity,Entertainment,100000,500000,1/30/13,8,12,https://play.google.com/store/apps/details?id=com.picadelic.fxguru
379,PlayerPro Music Player,BlastOn LLC,2.51,$4.44 ,4.63,22514,Everyone,Music & Audio,100000,500000,1/17/13,-4,19,https://play.google.com/store/apps/details?id=com.tbig.playerpro
404,Restaurant Story: Christmas,TeamLava Games,1.5.5.4,$0.00 ,4.47,11195,Everyone,Casual,1000000,5000000,1/11/13,43,194,https://play.google.com/store/apps/details?id=com.teamlava.restaurantstory8
396,FIFA 12 by EA SPORTS,Electronic Arts Inc,1.3.98,$6.99 ,3.41,1400,Everyone,Sports Games,50000,100000,1/29/13,16,27,https://play.google.com/store/apps/details?id=com.ea.game.fifa12_na
402,Dream Zoo,Zynga,1.5.2,$0.00 ,4.37,87780,Low Maturity,Casual,1000000,5000000,10/18/12,28,59,https://play.google.com/store/apps/details?id=com.zynga.dreamzoo
399,Truck Pulling,Michael Bowen,1.0.4,$0.99 ,3.63,24,Everyone,Arcade & Action,5000,10000,1/9/13,18,18,https://play.google.com/store/apps/details?id=com.michaelbowen.truckpulling
412,Tractor Pull,Antithesis Design,20130122,$0.00 ,3.76,6947,Medium Maturity,Sports Games,1000000,5000000,1/22/13,44,118,https://play.google.com/store/apps/details?id=com.anddgn.tp.main
381,Apex Launcher Pro,Android Does,1,$3.99 ,4.62,6987,Everyone,Personalization,100000,500000,10/18/12,6,30,https://play.google.com/store/apps/details?id=com.anddoes.launcher.pro
390,WidgetLocker Lockscreen,TeslaCoil Software,2.3.2r1,$2.99 ,4.28,18211,Everyone,Personalization,500000,1000000,12/12/12,5,34,https://play.google.com/store/apps/details?id=com.teslacoilsw.widgetlocker
370,Monster Paradise - Card Battle,Aeria Mobile,1.7,$0.00 ,3.94,379,Low Maturity,Arcade & Action,10000,50000,1/18/13,-60,-90,https://play.google.com/store/apps/details?id=com.aeriamobile.android.monsterparadise
397,MX Player Pro,J2 Interactive,1.7.10,$5.70 ,4.65,5924,Everyone,Media & Video,100000,500000,1/28/13,4,31,https://play.google.com/store/apps/details?id=com.mxtech.videoplayer.pro
388,Little Dragons,PlayCoMo,1.0.220,$0.00 ,4.41,59300,Low Maturity,Casual,1000000,5000000,12/20/12,-19,21,https://play.google.com/store/apps/details?id=com.playcomo.dragongame
478,iMobstersâ„¢ - 12 Favor Points,Storm8 Games,1.4.2,$0.00 ,4.51,22213,Medium Maturity,Casual,1000000,5000000,1/21/13,115,194,https://play.google.com/store/apps/details?id=com.storm8.imobsters12
377,NQ Mobile Security & Antivirus,NQ Mobile Security,6.8.00.00,$0.00 ,4.45,55299,Low Maturity,Productivity,5000000,10000000,1/10/13,1,14,https://play.google.com/store/apps/details?id=com.nqmobile.antivirus20
400,Screenshot UX,SmartUX,1.7.8,$3.99 ,4.47,4498,Everyone,Tools,50000,100000,9/16/12,9,-1,https://play.google.com/store/apps/details?id=com.liveov.shotux
386,Real Soccer 2013,Gameloft,Varies with device,$0.00 ,4.01,16389,Low Maturity,Sports Games,500000,1000000,12/24/12,-17,21,https://play.google.com/store/apps/details?id=com.gameloft.android.ANMP.GloftS3HM
394,Pou,Zakeh,1.2.9,$0.00 ,4.67,241890,Everyone,Casual,10000000,50000000,1/31/13,-4,-72,https://play.google.com/store/apps/details?id=me.pou.app
392,CONTRACT KILLER: ZOMBIES (NR),Glu Mobile,3.1.0,$0.00 ,4.51,167398,High Maturity,Arcade & Action,5000000,10000000,6/19/12,2,6,https://play.google.com/store/apps/details?id=com.glu.android.zombsniper
342,Tiny Tower,mobage,1.7.0.8,$0.00 ,4.62,122066,Low Maturity,Casual,1000000,5000000,1/7/13,-92,-7,https://play.google.com/store/apps/details?id=com.mobage.ww.a560.tinytower_android
408,Doodle Jump,GameHouse,Varies with device,$0.99 ,4.29,34761,Everyone,Arcade & Action,1000000,5000000,1/16/13,14,62,https://play.google.com/store/apps/details?id=com.realarcade.DOJ
410,CrossMe,Mobile Dynamix,1.7.7,$0.00 ,4.58,5640,Everyone,Brain & Puzzle,500000,1000000,12/28/12,23,96,https://play.google.com/store/apps/details?id=com.mobiledynamix.crossme
409,Phase 10,Magmic Inc,1.2.0,$0.99 ,4.42,14566,Everyone,Cards & Casino,100000,500000,12/7/12,10,13,https://play.google.com/store/apps/details?id=com.magmic.phase10
387,Vampires Liveâ„¢,Storm8 Games,1.4.3,$0.00 ,4.38,24286,Medium Maturity,Arcade & Action,1000000,5000000,1/22/13,-48,-36,https://play.google.com/store/apps/details?id=com.storm8.vampires12
431,Bible Study,Olive Tree Bible+,5.3.0.110023,$0.00 ,4.45,4876,Everyone,Books & Reference,500000,1000000,1/15/13,31,36,https://play.google.com/store/apps/details?id=biblereader.olivetree
424,Ski Safari,Defiant Development,1.4.0,$0.99 ,4.83,26747,Everyone,Arcade & Action,100000,500000,12/13/12,35,101,https://play.google.com/store/apps/details?id=com.DefiantDev.SkiSafari
405,Pinger: Text Free + Call Free,"Pinger, Inc.",1.1.4,$0.00 ,4.31,13268,Medium Maturity,Communication,1000000,5000000,12/20/12,9,-19,https://play.google.com/store/apps/details?id=com.pinger.ppa
383,McAfee Antivirus & Security,McAfee Mobile Security,2.3.0.450,$0.00 ,4.03,10574,Low Maturity,Productivity,1000000,5000000,12/4/12,-18,8,https://play.google.com/store/apps/details?id=com.wsandroid.suite
417,ezPDF Reader Multimedia PDF,Unidocs Inc.,2.0.6.0,$4.06 ,4.56,13077,Everyone,Productivity,100000,500000,1/24/13,0,,https://play.google.com/store/apps/details?id=udk.android.reader
401,PicSay Pro - Photo Editor,Shinycore,1.6,$3.99 ,4.74,18282,Everyone,Photography,500000,1000000,1/27/13,-9,-49,https://play.google.com/store/apps/details?id=com.shinycore.picsaypro
423,Construction Master Pro,Calculated Industries,1.0.8,$19.99 ,4.84,439,Everyone,Tools,10000,50000,12/5/12,31,-4,https://play.google.com/store/apps/details?id=com.hydrix.laurene
416,Dead Spaceâ„¢,Electronic Arts Inc,1.1.40,$6.99 ,3.72,4237,Medium Maturity,Arcade & Action,100000,500000,1/18/13,7,-23,https://play.google.com/store/apps/details?id=com.ea.deadspace_na
389,Warriors of Odin,mobage,1.1.1,$0.00 ,4.22,789,Low Maturity,Arcade & Action,50000,100000,11/28/12,-31,-80,https://play.google.com/store/apps/details?id=com.mobage.ww.a975.Warriors_of_Valhalla_Android
419,Age of Legends: Kingdoms RPG,Uken Games,1.26,$0.00 ,4.5,5560,Medium Maturity,Arcade & Action,100000,500000,1/15/13,7,,https://play.google.com/store/apps/details?id=com.uken.android.ageoflegends
413,My Singing Monsters,Big Blue Bubble,1.1.2,$0.00 ,4.39,3287,Everyone,Casual,100000,500000,1/16/13,7,51,https://play.google.com/store/apps/details?id=com.bigbluebubble.singingmonsters.full
422,Sleep as Android Unlock,Urbandroid (Petr NÃ¡levka),20130115,$2.89 ,4.52,3388,Everyone,Lifestyle,100000,500000,1/15/13,11,0,https://play.google.com/store/apps/details?id=com.urbandroid.sleep.full.key
420,Monster Pet Shop,"Beeline Interactive, Inc.",MonsterPetShop,$0.00 ,4.69,41714,Everyone,Casual,1000000,5000000,12/21/12,12,16,https://play.google.com/store/apps/details?id=com.capcom.monsterpetshop
425,AdobeÂ® PhotoshopÂ® Touch,Adobe Systems,1.4.1,$9.99 ,3.87,1056,Everyone,Photography,50000,100000,11/28/12,21,51,https://play.google.com/store/apps/details?id=air.com.adobe.pstouch
436,iTunes to android wireless pro,The Bit Studio,1.13,$3.25 ,4.45,92,High Maturity,Music & Audio,5000,10000,1/31/13,34,108,https://play.google.com/store/apps/details?id=mahmed.net.synctuneswirelesspro
398,Rescue Roby HD,Runaway Studios Inc.,Varies with device,$1.99 ,4.72,87,Everyone,Arcade & Action,5000,10000,1/27/13,-45,,https://play.google.com/store/apps/details?id=com.missingames.rescueroby
406,NBA 2K13,"2K Games, Inc.",1.1.2,$7.99 ,3.75,668,Everyone,Sports Games,10000,50000,12/21/12,-7,27,https://play.google.com/store/apps/details?id=com.t2ksports.nba2k13android
445,Quests & Sorcery,mobage,1.7.5.9,$0.00 ,4.5,25995,Medium Maturity,Arcade & Action,1000000,5000000,10/30/12,48,101,https://play.google.com/store/apps/details?id=com.mobage.ww.a561.rpg
366,Book of Heroes,Venan Entertainment,1.5.3,$0.00 ,4.56,2767,Low Maturity,Arcade & Action,50000,100000,1/31/13,-52,-12,https://play.google.com/store/apps/details?id=com.venan.boh
426,WhitePages,WhitePages,2.3,$0.00 ,4.53,8684,Low Maturity,Books & Reference,500000,1000000,1/9/13,11,-4,https://play.google.com/store/apps/details?id=com.whitepages.search
414,RadarScope,Base Velocity LLC,1.5.1,$9.99 ,4.59,528,Low Maturity,Weather,10000,50000,1/15/13,,,https://play.google.com/store/apps/details?id=com.basevelocity.radarscope
430,Dark Horse Comics,Dark Horse Comics,1.2.4,$0.00 ,4.23,2957,High Maturity,Comics,500000,1000000,1/15/13,-3,16,https://play.google.com/store/apps/details?id=com.darkhorse.digital
415,Mini Pets,Miniclip.com,1.3.0,$0.00 ,4.33,31434,Low Maturity,Casual,1000000,5000000,1/21/13,10,8,https://play.google.com/store/apps/details?id=com.miniclip.animalshelter
427,BattleFriends at Sea,Tequila Mobile,1.0.4,$0.00 ,4.44,17403,Low Maturity,Casual,1000000,5000000,12/21/12,-2,18,https://play.google.com/store/apps/details?id=com.tequilamobile.warshipslive
432,Kaspersky Mobile Security,Kaspersky Lab,9.10.139,$14.95 ,4.43,19492,Low Maturity,Tools,100000,500000,1/28/13,-13,-6,https://play.google.com/store/apps/details?id=com.kms
438,No Root Screenshot It,Edward Kim,3.41,$4.99 ,4.33,7502,Everyone,Tools,100000,500000,12/24/12,17,32,https://play.google.com/store/apps/details?id=com.edwardkim.android.screenshotitfullnoroot
418,EasyTether Pro,Polyclef Software,1.1.4,$9.99 ,4.43,1051,Everyone,Communication,50000,100000,9/24/12,-10,-23,https://play.google.com/store/apps/details?id=com.mstream.etpc
433,RadarNow!,USNaviguide LLC,4.2,$0.00 ,4.31,25328,Low Maturity,Weather,1000000,5000000,1/15/13,,,https://play.google.com/store/apps/details?id=com.usnaviguide.radar_now
440,TuneIn Radio Pro,TuneIn,6.8,$4.99 ,4.47,26343,Low Maturity,Music & Audio,500000,1000000,1/18/13,17,19,https://play.google.com/store/apps/details?id=radiotime.player
435,Diet & Food Tracker,SparkPeople,2.2.0,$3.99 ,3.24,59,Everyone,Health & Fitness,10000,50000,12/3/12,3,48,https://play.google.com/store/apps/details?id=com.sparkpeople.androidtracker
439,Nightmares from the Deep,G5 Entertainment,1.2,$0.00 ,4.61,11352,Everyone,Brain & Puzzle,500000,1000000,12/24/12,17,22,https://play.google.com/store/apps/details?id=com.g5e.nightmaresdeep.android
453,SoundHound âˆ_,SoundHound Inc.,Varies with device,$5.99 ,4.54,23983,Medium Maturity,Music & Audio,500000,1000000,1/25/13,37,68,https://play.google.com/store/apps/details?id=com.melodis.midomiMusicIdentifier
395,NFL Pro 2013,Gameloft,1.4.0,$0.00 ,4.47,28333,Everyone,Sports Games,1000000,5000000,1/30/13,-47,-61,https://play.google.com/store/apps/details?id=com.gameloft.android.ANMP.GloftF3HM
442,IP Cam Viewer Pro,Robert Chou,4.7.8,$3.99 ,4.63,6812,Everyone,Productivity,100000,500000,1/29/13,5,13,https://play.google.com/store/apps/details?id=com.rcreations.WebCamViewerPaid
472,Battle Bears Royale,SkyVu Entertainment,1.4,$0.00 ,3.84,10964,Medium Maturity,Arcade & Action,1000000,5000000,1/22/13,47,101,https://play.google.com/store/apps/details?id=net.skyvu.battlebearsroyal
471,Empire Defense II,GoodTeam,1.2.6,$0.00 ,4.53,70678,Low Maturity,Arcade & Action,1000000,5000000,1/6/13,45,35,https://play.google.com/store/apps/details?id=gts.td2.am.full
441,GO Locker Pro,GO Launcher EX,1.63,$4.99 ,3.82,17,Everyone,Personalization,1000,5000,1/25/13,-9,,https://play.google.com/store/apps/details?id=com.jiubang.goscreenlock.pro
449,Need for Speedâ„¢ Hot Pursuit,Electronic Arts Inc,1.0.60,$4.99 ,3.33,2256,Everyone,Racing,100000,500000,1/9/13,11,31,https://play.google.com/store/apps/details?id=com.eamobile.nfshp_na_wf
466,Abyss: The Wraiths of Eden,G5 Entertainment,1,$0.00 ,4.67,5294,Everyone,Brain & Puzzle,100000,500000,1/16/13,42,96,https://play.google.com/store/apps/details?id=com.g5e.abyss.android
460,Pirates of the Caribbean,Disney,1.7.0,$0.00 ,4.13,67403,Everyone,Casual,5000000,10000000,1/3/13,-5,47,https://play.google.com/store/apps/details?id=com.disney.PirateWars
464,Texas Holdem Poker Pro,geaxgame,3.0.3,$0.00 ,4.83,46163,Medium Maturity,Cards & Casino,1000000,5000000,1/24/13,1,16,https://play.google.com/store/apps/details?id=com.geaxgame.pokerkingpro
444,Palringo Group Messenger,Palringo,5.6,$0.00 ,4.09,21052,Medium Maturity,Communication,1000000,5000000,1/30/13,-2,41,https://play.google.com/store/apps/details?id=com.palringo.android
454,iSyncr for PC (USB & WiFi),JRTStudio,4.0.5,$3.99 ,4.54,9451,Everyone,Music & Audio,100000,500000,1/24/13,13,-3,https://play.google.com/store/apps/details?id=com.jrtstudio.iSyncr
450,TomTom U.S.A.,TomTom International BV,1.1.1,$40.63 ,3.11,64,Low Maturity,Travel & Local,1000,5000,12/21/12,,,https://play.google.com/store/apps/details?id=com.tomtom.usa2gb
458,Smart Tools,Smart Tools co.,1.5.4,$2.50 ,4.52,23514,Low Maturity,Tools,500000,1000000,1/12/13,27,24,https://play.google.com/store/apps/details?id=kr.aboy.tools
459,Sector Strike,Clapfoot Inc.,1.1.1,$0.00 ,4.62,27195,Everyone,Arcade & Action,1000000,5000000,1/8/13,23,65,https://play.google.com/store/apps/details?id=com.clapfootgames.sectorstrike
461,SlideIT Keyboard,Dasur Ltd.,5.1,$3.99 ,4.26,16759,Everyone,Tools,500000,1000000,1/3/13,13,10,https://play.google.com/store/apps/details?id=com.dasur.slideit
477,Tap Tap Revenge 4,Tapulous,4.3.3,$0.00 ,3.73,62598,Low Maturity,Arcade & Action,10000000,50000000,11/8/12,30,45,https://play.google.com/store/apps/details?id=com.tapulous.taptaprevenge4
465,Craigslist Mobile Pro,YYH Creative,1.48,$0.99 ,3.39,973,Medium Maturity,Productivity,10000,50000,1/30/13,9,,https://play.google.com/store/apps/details?id=com.duduapps.craigslistpro
441,Zombiewood,Gameloft,1.0.4,$0.00 ,4.18,35257,Low Maturity,Arcade & Action,1000000,5000000,1/10/13,1,82,https://play.google.com/store/apps/details?id=com.gameloft.android.ANMP.GloftZOHM
448,Winamp,"Nullsoft, Inc.",1.4.5,$0.00 ,4.29,148651,Low Maturity,Music & Audio,10000000,50000000,12/19/12,-14,,https://play.google.com/store/apps/details?id=com.nullsoft.winamp
451,Grab Money Slots,Grab,1.2.4,$0.00 ,4.32,9858,Medium Maturity,Cards & Casino,500000,1000000,1/19/13,-2,-12,https://play.google.com/store/apps/details?id=com.grab.BigMoneySlots
437,Fishing Star,"GREE, Inc.",1.1.11,$0.00 ,3.84,2880,Medium Maturity,Sports Games,1000000,5000000,1/24/13,10,14,https://play.google.com/store/apps/details?id=jp.gree.android.pf.greeapp53202
480,DOWNTOWN MAFIA (RPG) - FREE,DynamicNext,0.1.15,$0.00 ,4.56,597,Medium Maturity,Arcade & Action,10000,50000,1/28/13,22,88,https://play.google.com/store/apps/details?id=com.dn.games.dtmafia
476,Block Ops,Ammonite Design Studios Ltd,3.5,$3.19 ,3.5,177,Medium Maturity,Arcade & Action,10000,50000,1/28/13,25,50,https://play.google.com/store/apps/details?id=com.rory.blockopsandroid
475,Funamo Parental Control,"Funamo, Inc.",1.1.50,$0.00 ,3.87,146,Low Maturity,Tools,10000,50000,12/10/12,21,,https://play.google.com/store/apps/details?id=funamo.funamo
421,Zoo Story 2â„¢,TeamLava Games,1.0.5.5,$0.00 ,4.38,5835,Everyone,Casual,500000,1000000,1/4/13,-31,-51,https://play.google.com/store/apps/details?id=com.teamlava.zoostory2
455,Endomondo Sports Tracker PRO,Endomondo,Varies with device,$4.99 ,4.59,49003,Low Maturity,Health & Fitness,500000,1000000,12/21/12,-2,,https://play.google.com/store/apps/details?id=com.endomondo.android.pro
443,Nightclub Storyâ„¢,TeamLava Games,1.0.4,$0.00 ,4.39,33031,Medium Maturity,Casual,1000000,5000000,2/25/12,-32,-25,https://play.google.com/store/apps/details?id=com.teamlava.nightclubstory
446,Norton Utilities & Task Killer,Symantec Corporation,2.6.5.313,$0.00 ,4.28,8633,Everyone,Productivity,1000000,5000000,1/31/13,-21,,https://play.google.com/store/apps/details?id=com.symantec.monitor
473,SHADOWGUN: DeadZone,MADFINGER Games,Varies with device,$0.00 ,4.31,24302,Medium Maturity,Arcade & Action,1000000,5000000,1/25/13,2,14,https://play.google.com/store/apps/details?id=com.madfingergames.deadzone
468,Enchanted Realm,Game Insight International,2.4,$0.00 ,4.69,170377,Low Maturity,Arcade & Action,1000000,5000000,1/22/13,-2,52,https://play.google.com/store/apps/details?id=com.gameinsight.enchantedrealm
469,Wreck-it Ralph,Disney,1.1,$0.99 ,3.72,1244,Low Maturity,Arcade & Action,100000,500000,11/15/12,10,26,https://play.google.com/store/apps/details?id=com.disney.wreckitralph
452,Jackpot Slots Club,FT Games,1.04,$0.00 ,4.36,1549,Medium Maturity,Cards & Casino,100000,500000,1/29/13,-12,,https://play.google.com/store/apps/details?id=com.feelingtouch.slotgame
456,Cogs,Lazy 8 Studios,Varies with device,$2.99 ,4.73,10330,Everyone,Brain & Puzzle,100000,500000,9/29/12,,,https://play.google.com/store/apps/details?id=com.lazy8studios.cogs
479,CamScannerï_ˆLicenseï_‰PDF Creator,"IntSig Information Co.,Ltd",1.4,$4.99 ,4.58,3782,Everyone,Productivity,100000,500000,9/13/12,13,,https://play.google.com/store/apps/details?id=com.intsig.lic.camscanner
471,PocketCloud Remote Desktop Pro,Wyse Technology Inc,1.3.216,$14.99 ,4.52,5654,Everyone,Business,50000,100000,1/8/13,11,,https://play.google.com/store/apps/details?id=com.wyse.pocketcloudfull
470,Coin Dozer: Seasons,Game Circus LLC,Varies with device,$0.00 ,4.51,15885,Everyone,Cards & Casino,1000000,5000000,1/22/13,15,,https://play.google.com/store/apps/details?id=com.gamecircus.CoinDozerSeasons
473,Antivirus Free,CREATIVE APPS,6.2.28.80,$0.00 ,4.45,84177,Low Maturity,Tools,10000000,50000000,1/28/13,24,,https://play.google.com/store/apps/details?id=com.zrgiu.antivirus
474,Poker KinG Online-Texas Holdem,geaxgame,3.0.3,$0.00 ,4.77,29378,Medium Maturity,Cards & Casino,1000000,5000000,12/7/12,,,https://play.google.com/store/apps/details?id=com.geaxgame.pokerking
475,[root] Mobile ODIN Pro,Chainfire,3.57,$4.99 ,4.54,2381,Low Maturity,Tools,50000,100000,11/13/12,,-3,https://play.google.com/store/apps/details?id=eu.chainfire.mobileodin.pro
476,Magisto - Magical Video Editor,Magisto,1.1.1407,$0.00 ,4.3,20352,Medium Maturity,Photography,1000000,5000000,1/17/13,-4,,https://play.google.com/store/apps/details?id=com.magisto
429,NFL 2013 Live Wallpaper,Cellfish Studios,1.9,$0.00 ,4.01,4442,Low Maturity,Personalization,500000,1000000,1/24/13,,10,https://play.google.com/store/apps/details?id=airborne.nflwp2
478,Kid Mode: Free Games + Lock,Zoodles,4.4.3,$0.00 ,4.43,33606,Everyone,Education,1000000,5000000,1/14/13,,,https://play.google.com/store/apps/details?id=com.zoodles.kidmode
479,VIZ Manga,Viz Media,1.9.8.1,$0.00 ,4.11,271,Medium Maturity,Comics,50000,100000,1/21/13,11,44,https://play.google.com/store/apps/details?id=com.vizmanga.android
480,Pirates Age - Card Battle Game,"GREE, Inc.",1.2.2,$0.00 ,3.97,2982,Low Maturity,Arcade & Action,500000,1000000,11/26/12,,97,https://play.google.com/store/apps/details?id=jp.gree.android.pf.greeapp53185
304,runtastic PRO,runtastic,3.6,$0.99 ,4.61,18332,Low Maturity,Health & Fitness,100000,500000,1/31/13,,,https://play.google.com/store/apps/details?id=com.runtastic.android.pro2
428,PandoraÂ® internet radio,Pandora,Varies with device,$0.00 ,4.48,946392,Everyone,Music & Audio,50000000,100000000,12/10/12,,,https://play.google.com/store/apps/details?id=com.pandora.android
434,Life is Magic,Red Robot Labs,1.0.8,$0.00 ,4.58,556,Low Maturity,Arcade & Action,5000,10000,1/31/13,,,https://play.google.com/store/apps/details?id=com.redrobotlabs.lifeismagic
447,Dream House Days,,,,,,,,,,,,,https://play.google.com/store/apps/details?id=net.kairosoft.android.apart_en
457,The Infinite Black (MMO),Whalesong Games,0.6.2,$0.00 ,4.72,9046,High Maturity,Arcade & Action,100000,500000,1/21/13,,,https://play.google.com/store/apps/details?id=theinfiniteblack.client
462,Villains RPG,Uken Games,1.26,$0.00 ,4.57,2980,Low Maturity,Arcade & Action,100000,500000,1/15/13,,,https://play.google.com/store/apps/details?id=com.uken.android.villains
463,Sara's Cooking Class,GirlsgoGames,1.5.32908.235,$1.99 ,4.51,95,Everyone,Casual,10000,50000,1/28/13,,,https://play.google.com/store/apps/details?id=com.spilgames.saracookingclass
467,Style Me Girl,Frenzoo,1.0.54,$0.00 ,4.4,33849,Everyone,Casual,1000000,5000000,1/31/13,,,https://play.google.com/store/apps/details?id=com.megirl.stylemegirl
474,Derby Days,Com2uS,2.1.2,$0.00 ,4.45,64287,Everyone,Casual,1000000,5000000,1/22/13,,,https://play.google.com/store/apps/details?id=com.com2us.derbyday.normal.freefull.google.global.android.common